Start;End;Sleep Quality;Regularity;Mood;Steps;Alarm mode;Air Pressure (Pa);City;Movements per hour;Time in bed (seconds);Window start;Window stop;Did snore;Snore time;Weather temperature (°F);Weather type;Notes
2019-12-24 00:35:05;2019-12-24 07:59:49;76%;—;;0;No alarm;;;3.2263145;26684.348;;;false;0;;;
2019-12-25 02:31:57;2019-12-25 09:13:36;69%;73%;;0;No alarm;;;5.9653215;24099.076;;;true;60;;;
2019-12-25 23:28:24;2019-12-26 06:44:28;65%;73%;;0;No alarm;;;3.4362583;26164.445999872;;;true;798;;;
2019-12-27 00:47:44;2019-12-27 08:21:14;77%;63%;;0;No alarm;;;3.13872;27209.526999808;;;false;0;;;
2019-12-28 00:50:17;2019-12-28 08:23:37;79%;64%;;0;No alarm;;;2.8148596;27199.310999808;;;true;62;;;
2019-12-29 00:59:12;2019-12-29 08:31:42;83%;87%;;0;No alarm;;;2.1045883;27149.622000128;;;false;0;;;
2019-12-30 00:41:33;2019-12-30 07:39:38;78%;90%;;0;No alarm;;;1.7026625;25084.464999936;;;false;0;;;
2019-12-31 00:16:24;2019-12-31 07:51:10;77%;93%;;0;No alarm;;;3.145011;27286.093000192;;;true;57;;;
2020-01-01 02:35:30;2020-01-01 07:25:47;50%;92%;;0;No alarm;;;2.7022622;17416.599000064;;;false;0;;;
2020-01-09 23:47:47;2020-01-10 08:12:37;77%;—;;0;No alarm;;;4.089462;30290.806000128;;;false;0;;;
2020-01-11 00:51:39;2020-01-11 08:13:46;86%;90%;;0;No alarm;;;1.986039;26526.474000128;;;false;0;;;
2020-01-12 01:50:10;2020-01-12 09:09:26;73%;90%;;0;No alarm;;;3.3094625;26356.273999872;;;false;0;;;
2020-01-13 00:10:19;2020-01-13 06:34:56;69%;87%;;0;No alarm;;;2.341955;23077.54;;;false;0;;;
2020-01-14 00:28:52;2020-01-14 07:00:41;66%;79%;;0;No alarm;;;3.068438;23508.888;;;false;0;;;
2020-01-14 07:05:49;2020-01-14 07:44:07;8%;79%;;0;No alarm;;;1.0;2297.103000064;;;false;0;;;
2020-01-15 00:31:59;2020-01-15 08:01:33;69%;0%;;0;No alarm;;;3.8997526;26973.676;;;false;0;;;
2020-01-15 23:24:44;2020-01-16 07:40:10;87%;91%;;0;No alarm;;;2.8118167;29725.911000064;;;false;0;;;
2020-01-18 00:15:13;2020-01-18 07:45:55;77%;87%;;0;No alarm;;;3.0424116;27042.043000064;;;false;0;;;
2020-01-19 01:25:20;2020-01-19 08:24:05;81%;92%;;0;No alarm;;;1.8433291;25125.181000192;;;false;0;;;
2020-01-22 22:28:34;2020-01-23 06:52:05;95%;—;;0;No alarm;;;1.740448;30210.853999872;;;false;0;;;
2020-01-23 23:23:08;2020-01-24 06:52:52;79%;92%;;0;No alarm;;;2.5277069;26983.991000064;;;false;0;;;
2020-01-25 00:13:32;2020-01-25 08:00:49;81%;92%;;0;No alarm;;;2.6510687;28036.910000128;;;false;0;;;
2020-01-28 23:42:44;2020-01-29 07:22:32;63%;—;;0;No alarm;;;4.6540256;27588.533000192;;;false;0;;;
2020-03-16 00:21:34;2020-03-16 07:56:06;89%;—;;0;No alarm;;;1.2977942;27272.497999872;;;false;0;;;
2020-03-16 23:57:55;2020-03-17 07:32:28;76%;93%;;0;No alarm;;;3.0291934;27273.149000192;;;false;0;;;
2020-03-18 00:17:43;2020-03-18 07:32:34;81%;95%;;0;No alarm;;;2.0695193;26091.762999808;;;false;0;;;
2020-03-18 23:35:53;2020-03-19 07:01:30;91%;93%;;0;No alarm;;;1.1051205;26737.039000064;;;false;0;;;
2020-03-21 00:10:53;2020-03-21 07:52:44;93%;91%;;0;No alarm;;;1.1472553;27710.64;;;false;0;;;
2020-03-21 23:57:18;2020-03-22 07:45:15;93%;92%;;0;No alarm;;;1.2525446;28077.036;;;false;0;;;
2020-03-23 00:05:04;2020-03-23 07:42:21;81%;94%;;0;No alarm;;;2.339282;27437.532;;;false;0;;;
2020-03-23 23:15:43;2020-03-24 06:37:41;88%;91%;;0;No alarm;;;1.0705528;26518.061000192;;;false;0;;;
2020-03-24 23:09:16;2020-03-25 06:52:48;92%;93%;;0;No alarm;;;1.0970982;27811.848999936;;;false;0;;;
2020-03-26 00:44:06;2020-03-26 07:05:00;74%;91%;;0;No alarm;;;1.2736616;22853.616;;;false;0;;;
2020-03-27 00:16:18;2020-03-27 07:20:15;78%;92%;;0;No alarm;;;1.8478187;25437.678999808;;;false;0;;;
2020-03-28 01:08:57;2020-03-28 08:35:14;68%;89%;;0;No alarm;;;3.4783876;26777.147000064;;;false;0;;;
2020-03-29 23:40:19;2020-03-30 07:21:39;88%;77%;;0;No alarm;;;1.4259591;27679.742000128;;;false;0;;;
2020-03-30 23:55:11;2020-03-31 06:48:46;83%;93%;;0;No alarm;;;0.90671563;24815.128999936;;;false;0;;;
2020-03-31 23:51:35;2020-04-01 07:31:10;91%;93%;;0;No alarm;;;0.9797291;27575.517000192;;;false;0;;;
2020-04-01 23:39:26;2020-04-02 07:24:34;75%;94%;;0;No alarm;;;3.0005531;27907.849999872;;;false;0;;;
2020-04-03 00:04:49;2020-04-03 07:36:30;87%;94%;;0;No alarm;;;1.2292529;27100.984999936;;;false;0;;;
2020-04-04 01:54:47;2020-04-04 09:28:55;67%;88%;;0;No alarm;;;3.6926873;27247.505000192;;;false;0;;;
2020-04-05 01:13:58;2020-04-05 08:49:00;65%;87%;;0;No alarm;;;4.06818;27301.686000128;;;false;0;;;
2020-04-06 00:38:28;2020-04-06 08:19:24;81%;85%;;0;No alarm;;;2.2038767;27656.234999808;;;false;0;;;
2020-04-07 01:21:54;2020-04-07 08:58:58;84%;89%;;0;No alarm;;;1.7580389;27423.404;;;true;56;;;
2020-04-08 00:22:52;2020-04-08 07:54:13;81%;87%;;0;No alarm;;;1.9302689;27080.916999936;;;false;0;;;
2020-04-09 00:24:07;2020-04-09 08:07:41;86%;89%;;0;No alarm;;;1.6117798;27813.730999808;;;false;0;;;
2020-04-10 00:32:36;2020-04-10 08:07:47;86%;93%;;0;No alarm;;;1.4992125;27311.504999936;;;false;0;;;
2020-04-11 00:35:23;2020-04-11 08:19:44;92%;98%;;0;No alarm;;;0.9608857;27860.528;;;false;0;;;
2020-04-12 00:26:10;2020-04-12 07:38:18;76%;96%;;0;No alarm;;;2.1447444;25928.32;;;true;69;;;
2020-04-12 23:28:19;2020-04-13 06:54:19;82%;89%;;0;No alarm;;;1.6567943;26759.320999936;;;false;0;;;
2020-04-14 00:19:45;2020-04-14 06:42:56;67%;90%;;0;No alarm;;;2.0854614;22990.352999936;;;false;0;;;
2020-04-15 00:42:36;2020-04-15 08:06:53;55%;87%;;0;No alarm;;;4.9002542;26657.264;;;false;0;;;
2020-04-16 00:32:10;2020-04-16 07:30:56;73%;90%;;0;No alarm;;;2.265705;25126.310000128;;;false;0;;;
2020-04-17 01:26:16;2020-04-17 07:57:37;78%;89%;;0;No alarm;;;0.89097196;23481.376999936;;;false;0;;;
2020-04-18 00:57:17;2020-04-18 07:22:01;71%;91%;;0;No alarm;;;1.6041782;23083.820999936;;;false;0;;;
2020-04-19 01:46:19;2020-04-19 09:01:17;80%;86%;;0;No alarm;;;1.6662725;26097.695000064;;;false;0;;;
2020-04-19 23:51:00;2020-04-20 07:11:22;78%;74%;;0;No alarm;;;1.9581828;26422.552;;;false;0;;;
2020-04-20 23:17:51;2020-04-21 06:43:08;87%;80%;;0;No alarm;;;0.9550014;26717.245999872;;;false;0;;;
2020-04-22 00:23:15;2020-04-22 08:07:38;84%;79%;;0;No alarm;;;1.7437247;27862.262000128;;;true;68;;;
2020-04-23 01:36:49;2020-04-23 07:45:30;66%;85%;;0;No alarm;;;1.8149354;22121.256;;;false;0;;;
2020-04-24 00:11:01;2020-04-24 07:49:31;66%;86%;;0;No alarm;;;3.7285943;27510.210000128;;;false;0;;;
2020-04-25 01:55:13;2020-04-25 09:06:20;64%;82%;;0;No alarm;;;3.5020804;25866.692;;;false;0;;;
2020-04-26 00:46:16;2020-04-26 08:07:13;64%;81%;;0;No alarm;;;3.688489;26457.404;;;true;60;;;
2020-04-27 01:02:18;2020-04-27 08:06:30;70%;84%;;0;No alarm;;;2.7612073;25452.097999872;;;true;93;;;
2020-04-28 00:26:26;2020-04-28 06:55:11;75%;88%;;0;No alarm;;;1.2271314;23324.730999808;;;false;0;;;
2020-04-28 23:56:12;2020-04-29 07:24:30;72%;88%;;0;No alarm;;;2.9648535;26897.859000064;;;false;0;;;
2020-04-29 23:19:08;2020-04-30 07:23:48;94%;93%;;0;No alarm;;;1.0900723;29079.164999936;;;true;61;;;
2020-05-01 03:20:11;2020-05-01 10:34:09;64%;75%;;0;No alarm;;;3.66584;26037.563000064;;;false;0;;;
2020-05-02 00:24:18;2020-05-02 07:56:01;82%;62%;;0;No alarm;;;1.7276008;27102.931000064;;;true;57;;;
2020-05-03 02:23:25;2020-05-03 09:47:31;85%;64%;;0;No alarm;;;1.2191435;26646.062999808;;;false;0;;;
2020-05-03 23:58:45;2020-05-04 07:15:51;80%;63%;;0;No alarm;;;1.668057;26226.627999744;;;false;0;;;
2020-05-04 23:39:24;2020-05-05 06:52:58;86%;76%;;0;No alarm;;;0.82515407;26014.332;;;false;0;;;
2020-05-05 23:45:38;2020-05-06 07:23:46;85%;94%;;0;No alarm;;;1.5018833;27488.268;;;false;0;;;
2020-05-06 23:44:35;2020-05-07 07:29:31;77%;96%;;0;No alarm;;;2.595562;27896.860999936;;;false;0;;;
2020-05-08 00:09:29;2020-05-08 07:49:56;82%;95%;;0;No alarm;;;1.8682526;27627.187000064;;;false;0;;;
2020-05-09 02:58:22;2020-05-09 09:33:51;74%;87%;;0;No alarm;;;1.369921;23729.524;;;false;0;;;
2020-05-10 00:37:32;2020-05-10 08:00:27;83%;80%;;0;No alarm;;;1.3600898;26575.072999936;;;false;0;;;
2020-05-10 23:39:39;2020-05-11 07:40:50;96%;78%;;0;No alarm;;;0.77532023;28871.591000064;;;false;0;;;
2020-05-11 23:20:41;2020-05-12 06:45:21;71%;89%;;0;No alarm;;;2.8615315;26680.213999872;;;false;0;;;
2020-05-12 23:46:48;2020-05-13 07:37:50;75%;89%;;0;No alarm;;;2.865829;28262.495000064;;;false;0;;;
2020-05-13 23:45:30;2020-05-14 07:03:34;72%;91%;;0;No alarm;;;2.5832;26283.400999936;;;false;0;;;
2020-05-15 00:13:23;2020-05-15 07:42:46;87%;91%;;0;No alarm;;;1.108563;26963.052;;;false;0;;;
2020-05-16 02:46:24;2020-05-16 09:27:42;46%;84%;;0;No alarm;;;5.2907476;24077.889000192;;;false;0;;;
2020-05-17 00:40:36;2020-05-17 08:42:16;86%;81%;;0;No alarm;;;1.8911762;28899.662000128;;;true;77;;;
2020-05-18 00:09:17;2020-05-18 07:44:48;87%;79%;;0;No alarm;;;1.2311075;27331.472999936;;;false;0;;;
2020-05-18 23:51:04;2020-05-19 06:55:48;62%;89%;;0;No alarm;;;3.6628256;25484.495000064;;;false;0;;;
2020-05-20 00:09:18;2020-05-20 07:45:35;86%;89%;;0;No alarm;;;1.3997581;27376.655000064;;;false;0;;;
2020-05-20 23:52:34;2020-05-21 07:39:49;84%;93%;;0;No alarm;;;1.8242643;28034.878000128;;;false;0;;;
2020-05-22 00:39:10;2020-05-22 07:52:09;68%;93%;;0;No alarm;;;3.021959;25979.364999936;;;false;0;;;
2020-05-23 01:30:17;2020-05-23 08:15:29;70%;92%;;0;No alarm;;;2.2109878;24311.908999936;;;false;0;;;
2020-05-24 02:34:05;2020-05-24 08:00:24;58%;90%;;0;No alarm;;;1.9448034;19579.326000128;;;false;0;;;
2020-05-25 01:22:35;2020-05-25 08:57:38;79%;88%;;0;No alarm;;;2.1597075;27302.966000128;;;false;0;;;
2020-05-26 00:09:37;2020-05-26 07:45:22;85%;83%;;0;No alarm;;;1.4444269;27345.035999744;;;false;0;;;
2020-05-27 00:08:04;2020-05-27 07:34:53;90%;86%;;0;No alarm;;;0.6280642;26808.639000064;;;false;0;;;
2020-05-28 01:57:41;2020-05-28 09:20:13;79%;82%;;0;No alarm;;;1.8763745;26552.494000128;;;true;63;;;
2020-05-29 00:31:25;2020-05-29 07:50:22;55%;81%;;0;No alarm;;;4.663986;26337.026000128;;;false;0;;;
2020-05-30 01:20:41;2020-05-30 08:49:39;76%;76%;;0;No alarm;;;2.3826504;26938.199000064;;;false;0;;;
2020-05-31 01:28:10;2020-05-31 08:58:56;67%;86%;;0;No alarm;;;3.4377317;27045.668999936;;;false;0;;;
2020-06-01 00:58:04;2020-06-01 08:45:00;82%;92%;;0;No alarm;;;2.080488;28015.850000128;;;false;0;;;
2020-06-01 23:51:36;2020-06-02 06:58:42;78%;84%;;0;No alarm;;;1.6294504;25626.452;;;false;0;;;
2020-06-03 00:30:33;2020-06-03 07:59:43;75%;85%;;0;No alarm;;;2.5509746;26949.410000128;;;false;0;;;
2020-06-04 00:47:37;2020-06-04 07:40:15;69%;85%;;0;No alarm;;;2.4203892;24758.044000256;;;false;0;;;
2020-06-05 00:04:47;2020-06-05 07:26:26;81%;91%;;0;No alarm;;;1.5799325;26499.636999936;;;false;0;;;
2020-06-06 02:43:54;2020-06-06 09:42:18;78%;83%;;0;No alarm;;;1.5018178;25104.120999936;;;false;0;;;
2020-06-06 23:56:04;2020-06-07 07:45:16;73%;59%;;0;No alarm;;;3.1027913;28152.416;;;false;0;;;
2020-06-08 00:21:51;2020-06-08 07:55:17;85%;71%;;0;No alarm;;;1.4206098;27206.128;;;false;0;;;
2020-06-09 00:15:34;2020-06-09 07:40:24;79%;84%;;0;No alarm;;;1.9522134;26689.680999936;;;false;0;;;
2020-06-10 03:44:40;2020-06-10 09:57:45;63%;81%;;0;No alarm;;;2.350587;22384.695000064;;;true;79;;;
2020-06-11 00:07:19;2020-06-11 08:03:00;64%;74%;;0;No alarm;;;4.1753063;28541.776;;;false;0;;;
2020-06-12 02:02:59;2020-06-12 07:57:01;66%;62%;;0;No alarm;;;1.4839053;21241.982000128;;;false;0;;;
2020-06-13 03:28:18;2020-06-13 09:50:25;72%;69%;;0;No alarm;;;1.4315684;22927.629999872;;;false;0;;;
2020-06-14 02:43:52;2020-06-14 10:01:01;78%;82%;;0;No alarm;;;1.936637;26228.889999872;;;false;0;;;
2020-06-15 00:38:06;2020-06-15 08:13:58;79%;77%;;0;No alarm;;;2.164694;27352.294999808;;;false;0;;;
2020-06-16 00:04:23;2020-06-16 07:47:21;84%;83%;;0;No alarm;;;1.674691;27777.86;;;false;0;;;
2020-06-17 01:12:49;2020-06-17 08:57:42;45%;80%;;0;No alarm;;;6.1691685;27892.822000128;;;false;0;;;
2020-06-18 00:56:20;2020-06-18 08:31:36;81%;88%;;0;No alarm;;;1.894816;27315.584999936;;;false;0;;;
2020-06-19 00:06:34;2020-06-19 07:38:35;82%;86%;;0;No alarm;;;1.7426757;27121.769999872;;;false;0;;;
2020-06-20 01:00:17;2020-06-20 08:38:52;79%;87%;;0;No alarm;;;2.2464347;27515.043000064;;;false;0;;;
2020-06-21 03:00:32;2020-06-21 10:01:41;73%;80%;;0;No alarm;;;2.2095664;25269.057999872;;;false;0;;;
2020-06-22 00:13:35;2020-06-22 07:53:45;91%;71%;;0;No alarm;;;0.87206924;27609.245999872;;;false;0;;;
2020-06-23 01:33:01;2020-06-23 09:13:09;93%;69%;;0;No alarm;;;0.5616883;27608.046000128;;;false;0;;;
2020-06-24 03:43:50;2020-06-24 10:05:41;70%;70%;;0;No alarm;;;1.5757295;22911.889000192;;;false;0;;;
2020-06-25 00:32:49;2020-06-25 08:00:48;88%;69%;;0;No alarm;;;0.8597882;26879.709000192;;;false;0;;;
2020-06-26 04:15:54;2020-06-26 10:14:29;68%;60%;;0;No alarm;;;1.252143;21514.773000192;;;false;0;;;
2020-06-27 00:45:45;2020-06-27 08:13:44;84%;53%;;0;No alarm;;;1.2914426;26878.306000128;;;false;0;;;
2020-06-29 03:02:02;2020-06-29 10:41:01;82%;57%;;0;No alarm;;;1.8602266;27539.237999872;;;false;0;;;
2020-06-30 00:51:13;2020-06-30 08:06:51;75%;60%;;0;No alarm;;;2.1864393;26137.828;;;false;0;;;
2020-07-01 03:43:05;2020-07-01 10:25:35;78%;58%;;0;No alarm;;;1.0108691;24150.201000192;;;false;0;;;
2020-07-05 02:53:19;2020-07-05 09:46:59;78%;—;;0;No alarm;;;1.2864841;24820.372;;;false;0;;;
2020-07-06 01:35:10;2020-07-06 09:09:13;80%;83%;;0;No alarm;;;1.994179;27243.576;;;false;0;;;
2020-07-07 01:10:52;2020-07-07 08:55:42;94%;89%;;0;No alarm;;;0.54664576;27889.884999936;;;false;0;;;
2020-07-08 01:57:23;2020-07-08 09:46:37;74%;88%;;0;No alarm;;;2.8778534;28154.460000256;;;false;0;;;
2020-07-09 01:18:51;2020-07-09 09:08:53;89%;90%;;0;No alarm;;;1.2756876;28201.820999936;;;false;0;;;
2020-07-10 03:00:36;2020-07-10 10:09:48;82%;83%;Good;0;No alarm;;;1.1144071;25751.628999936;;;false;0;;;Good day
2020-07-11 01:00:50;2020-07-11 08:34:15;90%;73%;OK;0;No alarm;;;0.6950721;27204.932999936;;;false;0;;;
2020-07-12 02:53:44;2020-07-12 10:33:01;80%;68%;OK;0;No alarm;;;2.0537367;27556.686000128;;;true;63;;;Good day
2020-07-13 00:34:26;2020-07-13 08:26:40;79%;65%;OK;0;No alarm;;;2.4369805;28334.119000064;;;false;0;;;
2020-07-14 03:24:32;2020-07-14 10:14:13;70%;62%;OK;0;No alarm;;;2.175286;24580.925999872;;;true;59;;;Good day
2020-07-15 02:32:12;2020-07-15 09:53:56;88%;75%;OK;0;No alarm;;;0.71217877;26504.252;;;false;0;;;
2020-07-16 01:05:30;2020-07-16 09:06:33;94%;85%;OK;0;No alarm;;;0.856926;28862.936;;;false;0;;;
2020-07-17 01:26:25;2020-07-17 09:26:43;88%;87%;OK;0;No alarm;;;1.5610807;28818.392;;;false;0;;;
2020-07-18 02:37:38;2020-07-18 10:15:26;85%;88%;OK;0;No alarm;;;1.3874091;27468.472999936;;;false;0;;;
2020-07-19 01:41:38;2020-07-19 09:12:16;88%;83%;OK;0;No alarm;;;0.83605653;27037.293000192;;;false;0;;;Good day
2020-07-20 01:49:25;2020-07-20 09:29:47;88%;89%;OK;0;No alarm;;;1.0926689;27622.653000192;;;false;0;;;
2020-07-21 01:06:43;2020-07-21 08:29:25;85%;91%;OK;0;No alarm;101.45;;0.9858029;26562.445999872;;;false;0;76 ;Cloudy;
2020-07-22 01:15:03;2020-07-22 08:42:52;88%;91%;OK;0;No alarm;101.42;;0.7621288;26868.814000128;;;false;0;77 ;Sunny;
2020-07-23 01:29:46;2020-07-23 08:54:03;90%;96%;OK;0;No alarm;101.46;;0.3963047;26656.372;;;false;0;77 ;Sunny;Good day
2020-07-24 01:12:35;2020-07-24 08:43:03;85%;96%;Good;0;No alarm;101.4;;1.1651772;27027.609999872;;;false;0;76 ;Fair;
2020-07-25 02:26:42;2020-07-25 09:56:55;89%;87%;OK;0;No alarm;101.51;;0.72121793;27013.44;;;false;0;76 ;Fair;
2020-07-26 04:11:30;2020-07-26 10:59:49;84%;78%;OK;0;No alarm;101.33;;0.23750283;24498.72;;;false;0;75 ;Fair;
2020-07-27 01:33:02;2020-07-27 09:03:25;82%;69%;OK;0;No alarm;101.62;;1.4467695;27023.348;;;false;0;75 ;Fair;
2020-07-28 01:04:14;2020-07-28 09:12:52;91%;77%;OK;0;No alarm;101.58;;1.2402456;29317.842999808;;;false;0;74 ;Fair;
2020-07-29 00:30:22;2020-07-29 08:12:40;85%;90%;OK;0;No alarm;101.52;;1.4221969;27738.68;;;false;0;74 ;Sunny;
2020-07-30 00:44:33;2020-07-30 08:22:46;77%;91%;OK;0;No alarm;101.85;Bogotá;2.1736712;27493.497999872;;;false;0;51 ;Cloudy;
2020-07-31 00:43:24;2020-07-31 08:21:53;75%;98%;OK;0;No alarm;101.91;Bogotá;2.4757948;27509.264;;;false;0;50 ;Cloudy;
2020-08-01 01:56:33;2020-08-01 09:27:25;87%;90%;OK;0;No alarm;102.07;;0.9119847;27051.68;;;true;57;49 ;Cloudy;
2020-08-02 00:35:51;2020-08-02 08:13:55;86%;79%;OK;0;No alarm;101.75;;1.1940832;27483.888999936;;;false;0;74 ;Sunny;
2020-08-03 00:04:28;2020-08-03 07:48:41;82%;85%;OK;0;No alarm;102.08;Bogotá;1.7909242;27853.211999744;;;false;0;49 ;Cloudy;
2020-08-04 00:52:34;2020-08-04 08:20:33;82%;90%;OK;0;No alarm;102.08;Bogotá;1.4003284;26879.248;;;true;58;49 ;Cloudy;
2020-08-05 00:34:51;2020-08-05 08:18:34;89%;93%;OK;0;No alarm;101.96;Bogotá;0.9416126;27823.235000064;;;false;0;50 ;Cloudy;
2020-08-05 23:55:17;2020-08-06 07:44:47;87%;93%;OK;0;No alarm;101.94;Bogotá;1.281464;28169.272;;;false;0;50 ;Cloudy;
2020-08-07 01:13:11;2020-08-07 08:47:58;81%;85%;OK;0;No alarm;101.94;Bogotá;1.632426;27287.668;;;false;0;48 ;Cloudy;Stressful day
2020-08-08 02:18:52;2020-08-08 09:23:47;81%;83%;OK;0;No alarm;102.02;Bogotá;0.92261314;25495.096999936;;;false;0;50 ;Cloudy;
2020-08-09 00:19:11;2020-08-09 07:50:47;92%;78%;Good;0;No alarm;102.03;Bogotá;0.28291756;27095.366000128;;;false;0;50 ;Cloudy;
2020-08-10 00:41:02;2020-08-10 08:07:44;90%;82%;Good;0;No alarm;101.87;Bogotá;0.42555928;26802.424;;;false;0;51 ;Cloudy;
2020-08-11 00:06:12;2020-08-11 07:21:27;86%;91%;Good;0;No alarm;101.63;;0.5344085;26114.491999744;;;false;0;76 ;Fair;
2020-08-11 23:44:07;2020-08-12 07:03:27;73%;91%;Good;0;No alarm;101.67;;2.25265;26359.314000128;;;false;0;75 ;Cloudy;Good day:Stressful day
2020-08-12 23:13:20;2020-08-13 06:54:00;80%;94%;Good;0;No alarm;101.59;Bogotá;1.825082;27640.097999872;;;false;0;50 ;Cloudy;Good day:Stressful day
2020-08-14 00:13:27;2020-08-14 07:39:39;87%;89%;Good;0;No alarm;101.57;Bogotá;0.7739939;26772.260999936;;;false;0;50 ;Cloudy;Good day
2020-08-15 02:41:59;2020-08-15 09:54:24;75%;80%;Good;0;No alarm;101.75;Bogotá;1.9160522;25945.368999936;;;false;0;53 ;Cloudy;Good day
2020-08-15 23:15:48;2020-08-16 07:40:50;94%;66%;Good;0;No alarm;101.81;Bogotá;1.1717354;30301.528;;;false;0;46 ;Cloudy;Good day
2020-08-17 01:41:39;2020-08-17 09:27:33;90%;58%;Good;0;No alarm;;Bogotá;0.802887;27953.610000128;;;false;0;62 ;;
2020-08-17 23:50:30;2020-08-18 07:37:37;89%;67%;Good;0;No alarm;101.82;Bogotá;0.9832601;28026.769999872;;;false;0;49 ;Fog;
2020-08-18 23:38:45;2020-08-19 07:01:56;85%;75%;Good;0;No alarm;101.67;Bogotá;0.8715031;26590.973999872;;;false;0;48 ;Cloudy;
2020-08-19 23:39:52;2020-08-20 07:16:28;90%;95%;Good;0;No alarm;101.82;Bogotá;0.5588999;27396.784;;;false;0;48 ;Cloudy;Good day
2020-08-21 01:00:25;2020-08-21 07:44:04;80%;92%;Good;0;No alarm;101.88;Bogotá;0.5088454;24219.076999936;;;false;0;46 ;Cloudy;
2020-08-22 00:19:59;2020-08-22 08:02:33;86%;91%;OK;0;No alarm;101.89;Bogotá;1.1852714;27754.374999808;;;false;0;47 ;Cloudy;Stressful day
2020-08-23 02:01:00;2020-08-23 09:37:34;84%;83%;Good;0;No alarm;101.96;Bogotá;1.2644292;27394.114000128;;;false;0;53 ;Sunny;Good day
2020-08-24 00:44:22;2020-08-24 07:18:00;76%;71%;Good;0;No alarm;101.92;Bogotá;0.80030864;23617.971999744;;;false;0;47 ;Sunny;
2020-08-24 23:34:01;2020-08-25 06:59:14;86%;78%;Good;0;No alarm;101.72;Bogotá;0.7035321;26712.46;;;false;0;48 ;Cloudy;Good day
2020-08-25 23:34:18;2020-08-26 07:12:25;75%;92%;OK;0;No alarm;101.81;Bogotá;2.3731623;27486.986000128;;;false;0;48 ;Cloudy;Sugar
2020-08-26 23:19:38;2020-08-27 07:01:01;86%;97%;Good;0;No alarm;101.9;Bogotá;1.152727;27682.813999872;;;true;152;47 ;Sunny;Good day
2020-08-28 00:08:31;2020-08-28 07:30:47;86%;94%;Good;0;No alarm;;Bogotá;0.6821436;26536.310999808;;;false;0;56 ;;Good day
2020-08-29 02:41:50;2020-08-29 08:37:12;62%;84%;OK;0;No alarm;101.95;Bogotá;1.8110192;21322.526000128;;;false;0;51 ;Cloudy;
2020-08-30 00:19:54;2020-08-30 08:22:56;94%;78%;Good;0;No alarm;101.87;Bogotá;0.63124335;28982.032;;;true;70;49 ;Fog;
2020-08-30 23:45:43;2020-08-31 07:29:04;83%;83%;Good;0;No alarm;101.82;Bogotá;1.4407053;27801.528999936;;;false;0;46 ;Cloudy;Good day
2020-08-31 23:34:28;2020-09-01 07:13:03;89%;91%;Good;0;No alarm;101.9;Bogotá;0.7398723;27514.628000256;;;false;0;50 ;Cloudy;Good day
2020-09-01 23:47:29;2020-09-02 07:27:45;87%;96%;Good;0;No alarm;101.81;Bogotá;0.9471685;27615.688;;;false;0;50 ;Cloudy;
2020-09-02 23:42:17;2020-09-03 07:21:35;91%;96%;Good;0;No alarm;101.68;Bogotá;0.42810932;27557.892999936;;;false;0;49 ;Cloudy;Stressful day
2020-09-03 23:24:10;2020-09-04 07:12:41;91%;96%;Good;0;No alarm;101.8;Bogotá;0.6879461;28111.081999872;;;false;0;50 ;Cloudy;Good day:Sugar
2020-09-05 01:24:52;2020-09-05 08:03:49;64%;90%;Good;0;No alarm;101.97;Bogotá;2.4333744;23937.221999872;;;false;0;45 ;Cloudy;Good day
2020-09-06 01:26:18;2020-09-06 08:45:48;68%;88%;Good;0;No alarm;;Bogotá;2.7099476;26369.408999936;;;false;0;63 ;;Good day
2020-09-07 00:00:38;2020-09-07 07:33:26;85%;82%;Good;0;No alarm;101.67;Bogotá;0.95259076;27168.004999936;;;false;0;45 ;Cloudy;
2020-09-07 23:34:22;2020-09-08 07:23:48;80%;86%;Good;0;No alarm;101.61;Bogotá;1.9300208;28165.556999936;;;false;0;49 ;Cloudy;Good day
2020-09-08 23:57:04;2020-09-09 07:25:04;81%;95%;Good;0;No alarm;101.86;Bogotá;1.3499998;26880.002999808;;;false;0;46 ;Sunny;Stressful day
2020-09-09 23:21:43;2020-09-10 07:00:43;87%;94%;Good;0;No alarm;;Bogotá;0.9016292;27539.922000128;;;false;0;53 ;;Good day
2020-09-10 23:47:12;2020-09-11 07:07:34;80%;94%;Good;0;No alarm;101.89;Bogotá;1.335703;26422.638000128;;;false;0;48 ;Cloudy;Stressful day
2020-09-12 01:15:21;2020-09-12 08:58:09;75%;86%;Good;0;No alarm;101.7;Bogotá;2.294353;27767.090000128;;;false;0;47 ;Cloudy;
2020-09-13 02:30:29;2020-09-13 10:25:22;86%;81%;Good;0;No alarm;101.9;Bogotá;1.3328999;28492.505999872;;;false;0;53 ;Cloudy;Good day
2020-09-14 00:13:07;2020-09-14 07:43:40;82%;69%;Good;0;No alarm;102.01;Bogotá;1.3029971;27033.202000128;;;false;0;44 ;Cloudy;Good day
2020-09-14 23:29:38;2020-09-15 07:17:48;85%;74%;Good;0;No alarm;;Bogotá;1.3645078;28089.501000192;;;false;0;52 ;;Good day
2020-09-16 00:10:48;2020-09-16 07:31:43;75%;91%;Good;0;No alarm;101.78;Bogotá;1.9466031;26455.140999936;;;false;0;46 ;Cloudy;Ate late
2020-09-16 23:20:07;2020-09-17 06:49:02;82%;89%;Good;0;No alarm;101.78;Bogotá;1.2428969;26935.174000128;;;false;0;46 ;Cloudy;
2020-09-17 23:38:07;2020-09-18 07:03:00;83%;91%;Good;0;No alarm;;Bogotá;1.011004;26693.686000128;;;false;0;53 ;;
2020-09-19 00:47:41;2020-09-19 08:21:10;86%;87%;Good;0;No alarm;101.86;Bogotá;0.9144963;27208.728;;;false;0;49 ;Fog;
2020-09-20 00:53:14;2020-09-20 08:51:55;89%;90%;Good;0;No alarm;101.77;Bogotá;1.0435253;28720.948999936;;;false;0;51 ;Cloudy;
2020-09-20 23:52:30;2020-09-21 07:30:38;89%;84%;Good;0;No alarm;101.85;Bogotá;0.62830806;27487.892;;;false;0;48 ;Cloudy;
2020-09-22 00:34:39;2020-09-22 07:53:30;81%;85%;Good;0;No alarm;101.93;Bogotá;1.1876265;26330.824;;;false;0;42 ;Cloudy;
2020-09-23 00:21:51;2020-09-23 07:46:54;84%;94%;Good;0;No alarm;101.88;Bogotá;0.9176319;26702.66;;;false;0;46 ;Cloudy;
2020-09-24 01:17:18;2020-09-24 08:35:36;88%;91%;Good;0;No alarm;102.01;Bogotá;0.2575453;26297.295000064;;;true;61;48 ;Cloudy;
2020-09-24 23:59:10;2020-09-25 07:57:42;72%;84%;Good;0;No alarm;102.05;Bogotá;2.8994346;28711.440999936;;;false;0;46 ;Cloudy;
2020-09-26 00:26:56;2020-09-26 07:40:45;81%;88%;Good;0;No alarm;101.92;Bogotá;0.96245515;26028.492999936;;;false;0;44 ;Cloudy;
2020-09-27 00:54:27;2020-09-27 08:42:44;95%;90%;Good;0;No alarm;101.81;Bogotá;0.18954396;28096.581999872;;;false;0;44 ;Cloudy;Stressful day
2020-09-28 00:34:10;2020-09-28 07:50:23;85%;90%;Good;0;No alarm;101.57;Bogotá;0.63946545;26173.600999936;;;false;0;44 ;Fair;Good day
2020-09-29 00:11:41;2020-09-29 07:48:54;84%;93%;Good;0;No alarm;101.72;Bogotá;1.2115535;27432.870000128;;;true;90;44 ;Cloudy;Good day
2020-09-29 23:40:02;2020-09-30 07:22:46;92%;94%;Good;0;No alarm;101.85;Bogotá;0.33321026;27764.259000064;;;false;0;48 ;Cloudy;Good day
2020-10-01 00:04:52;2020-10-01 07:24:46;76%;94%;Good;0;No alarm;101.75;Bogotá;1.7036532;26393.709999872;;;false;0;43 ;Cloudy;Good day
2020-10-02 00:24:48;2020-10-02 07:39:11;85%;95%;Good;0;No alarm;101.66;Bogotá;0.5322481;26063.296999936;;;false;0;49 ;Cloudy;Good day
2020-10-03 02:30:53;2020-10-03 09:56:18;63%;84%;Good;0;No alarm;101.86;Bogotá;3.2910903;26724.848;;;false;0;53 ;Cloudy;Good day
2020-10-04 00:14:37;2020-10-04 08:09:52;78%;64%;Good;0;No alarm;101.84;Bogotá;2.1733549;28515.415000064;;;false;0;48 ;Cloudy;Good day
2020-10-05 00:10:38;2020-10-05 07:52:25;91%;81%;Good;0;No alarm;101.82;Bogotá;0.4010278;27707.681999872;;;false;0;46 ;Fair;
2020-10-06 05:02:46;2020-10-06 09:20:27;39%;72%;OK;0;No alarm;101.81;Bogotá;2.902001;15460.644999936;;;false;0;64 ;Cloudy;Alcohol
2020-10-06 23:57:57;2020-10-08 02:14:30;100%;0%;OK;0;No alarm;101.83;Bogotá;0.3709266;94592.854999808;;;false;0;51 ;Fair;Good day
2020-10-08 02:15:31;2020-10-08 09:24:08;85%;0%;;0;No alarm;;Bogotá;0.32337186;25717.168;;;true;76;64 ;;Good day
2020-10-09 00:11:15;2020-10-09 07:28:54;80%;0%;;0;No alarm;;;1.2262299;26259.057999872;;;false;0;;;
2020-10-10 00:03:56;2020-10-10 08:14:53;90%;33%;;0;No alarm;;;1.1739656;29456.922000128;;;false;0;;;
2020-10-10 23:31:15;2020-10-11 07:23:38;89%;90%;;0;No alarm;;;0.9210321;28343.828;;;false;0;;;
2020-10-12 00:33:03;2020-10-12 07:52:05;89%;89%;;0;No alarm;;;0.12204836;26342.516999936;;;false;0;;;
2020-10-12 23:28:17;2020-10-13 07:22:27;95%;87%;;0;No alarm;;;0.26004136;28450.179000064;;;false;0;;;
2020-10-14 00:10:03;2020-10-14 07:47:50;90%;88%;;0;No alarm;;;0.40866354;27467.053999872;;;false;0;;;
2020-10-15 00:22:47;2020-10-15 07:40:36;79%;90%;;0;No alarm;;;1.2696071;26269.448999936;;;false;0;;;
2020-10-16 00:19:22;2020-10-16 07:52:47;85%;95%;;0;No alarm;;;0.9559271;27205.011000064;;;false;0;;;
2020-10-17 00:59:54;2020-10-17 08:53:44;83%;92%;;0;No alarm;;;1.5202247;28429.489999872;;;false;0;;;
2020-10-18 02:37:13;2020-10-18 09:59:34;86%;87%;;0;No alarm;;;0.48786804;26540.963000064;;;true;57;;;
2020-10-19 00:47:09;2020-10-19 08:32:46;90%;78%;;0;No alarm;;;0.62536377;27937.284;;;false;0;;;
2020-10-20 00:20:34;2020-10-20 07:52:47;77%;80%;;0;No alarm;;;1.7980721;27133.278000128;;;false;0;;;
2020-10-21 00:21:12;2020-10-21 07:49:36;77%;87%;;0;No alarm;;;1.7645259;26903.793999872;;;false;0;;;
2020-10-22 00:07:22;2020-10-22 07:50:59;88%;96%;;0;No alarm;;;0.82304734;27816.695000064;;;false;0;;;
2020-10-23 00:22:18;2020-10-23 07:47:27;83%;98%;;0;No alarm;;;0.9697442;26708.712;;;false;0;;;
2020-10-24 01:10:23;2020-10-24 09:07:26;84%;92%;;0;No alarm;;;1.4904994;28623.089999872;;;false;0;;;
2020-10-25 01:28:29;2020-10-25 09:23:33;89%;91%;;0;No alarm;;;0.9364444;28504.416;;;false;0;;;
2020-10-26 00:06:38;2020-10-26 07:46:22;88%;84%;;0;No alarm;;;0.63696223;27583.417999872;;;false;0;;;
2020-10-26 23:41:19;2020-10-27 07:27:43;82%;84%;;0;No alarm;;;1.4808501;27984.324999936;;;false;0;;;
2020-10-28 00:17:03;2020-10-28 07:35:02;70%;87%;;0;No alarm;;;2.3595502;26279.404;;;true;60;;;
2020-10-29 00:31:13;2020-10-29 08:20:15;92%;93%;;0;No alarm;;;0.5041778;28141.976;;;false;0;;;
2020-10-30 00:31:26;2020-10-30 07:52:55;81%;93%;;0;No alarm;;;1.084822;26489.171999744;;;false;0;;;
2020-10-31 01:00:38;2020-10-31 08:55:10;89%;92%;;0;No alarm;;;0.8972014;28471.741999872;;;true;63;;;
2020-11-01 01:25:22;2020-11-01 09:09:07;83%;92%;;0;No alarm;;;1.26824;27824.779000064;;;false;0;;;
2020-11-02 01:15:30;2020-11-02 08:57:50;92%;93%;;0;No alarm;;;0.26669982;27739.724;;;false;0;;;
2020-11-02 23:39:20;2020-11-03 07:29:08;93%;85%;;0;No alarm;;;0.35228947;28188.080999936;;;false;0;;;
2020-11-03 23:43:49;2020-11-04 07:29:38;91%;86%;;0;No alarm;;;0.46299198;27948.986999808;;;false;0;;;
2020-11-05 00:24:37;2020-11-05 08:16:08;92%;87%;;0;No alarm;;;0.44900718;28290.503000064;;;false;0;;;
2020-11-06 00:26:50;2020-11-06 07:40:48;31%;93%;;0;No alarm;;;36.421837;26038.168;;;false;0;;;
2020-11-07 01:44:14;2020-11-07 08:18:29;69%;91%;;0;No alarm;;;1.4622834;23655.012;;;false;0;;;
2020-11-08 01:33:59;2020-11-08 09:15:34;84%;89%;;0;No alarm;;;0.6313383;27695.496;;;false;0;;;
2020-11-09 00:36:23;2020-11-09 08:12:42;83%;85%;;0;No alarm;;;0.6232119;27379.682999808;;;false;0;;;
2020-11-10 00:23:45;2020-11-10 07:55:13;82%;89%;;0;No alarm;;;0.5328265;27088.112;;;false;0;;;
2020-11-11 00:29:57;2020-11-11 07:57:51;81%;92%;;0;No alarm;;;0.6311849;26873.898999808;;;false;0;;;
2020-11-12 00:33:37;2020-11-12 08:25:09;86%;96%;;0;No alarm;;;0.38214195;28292.016999936;;;false;0;;;
2020-11-13 00:33:32;2020-11-13 07:58:02;80%;96%;;0;No alarm;;;0.6457057;26669.752;;;false;0;;;
2020-11-14 03:44:08;2020-11-14 09:38:53;66%;83%;;0;No alarm;;;0.056655556;21285.468999936;;;false;0;;;
2020-11-15 02:59:29;2020-11-15 10:15:24;80%;81%;;0;No alarm;;;0.41801038;26155.466000128;;;false;0;;;
2020-11-16 01:08:52;2020-11-16 08:59:45;86%;74%;;0;No alarm;;;0.40247598;28253.537999872;;;false;0;;;
2020-11-16 23:58:54;2020-11-17 07:44:08;85%;76%;;0;No alarm;;;0.5356862;27913.180999936;;;false;0;;;
2020-11-18 00:00:19;2020-11-18 07:48:11;87%;84%;;0;No alarm;;;0.058749985;28072.347000064;;;false;0;;;
2020-11-19 00:48:12;2020-11-19 08:38:34;86%;88%;;0;No alarm;;;0.33599043;28222.077999872;;;false;0;;;
2020-11-20 02:11:33;2020-11-20 07:57:45;64%;89%;;0;No alarm;;;0.29275355;20771.291000064;;;false;0;;;
2020-11-21 00:43:31;2020-11-21 01:13:35;5%;75%;;0;No alarm;;;1.0;1803.846000128;;;false;0;;;
2020-11-22 01:35:17;2020-11-22 09:16:44;84%;46%;;0;No alarm;;;0.3739328;27687.426000128;;;true;61;;;
2020-11-23 00:19:23;2020-11-23 08:27:48;86%;46%;;0;No alarm;;;1.1633149;29305.824;;;false;0;;;
2020-11-24 00:13:36;2020-11-24 07:51:21;83%;67%;;0;No alarm;;;0.66893584;27464.896;;;false;0;;;
2020-11-25 00:03:10;2020-11-25 07:47:11;85%;91%;;0;No alarm;;;0.40104306;27841.48;;;false;0;;;
2020-11-26 01:00:23;2020-11-26 08:09:21;77%;93%;;0;No alarm;;;0.631917;25738.114999808;;;false;0;;;
2020-11-27 00:47:31;2020-11-27 07:51:17;75%;94%;;0;No alarm;;;1.0642225;25425.888999936;;;false;0;;;
2020-11-28 00:49:04;2020-11-28 08:47:42;86%;92%;;0;No alarm;;;0.7001385;28718.242000128;;;false;0;;;
2020-11-29 00:55:45;2020-11-29 08:48:44;84%;95%;;0;No alarm;;;0.94391537;28378.756;;;false;0;;;
2020-11-30 02:10:09;2020-11-30 09:39:55;80%;91%;;0;No alarm;;;0.9222797;26985.643000064;;;false;0;;;
2020-12-01 00:30:00;2020-12-01 07:53:01;79%;84%;;0;No alarm;;;0.90335965;26580.933999872;;;false;0;;;
2020-12-02 00:02:06;2020-12-02 07:44:32;84%;82%;;0;No alarm;;;0.46316692;27746.156999936;;;false;0;;;
2020-12-03 00:20:54;2020-12-03 08:12:30;85%;86%;;0;No alarm;;;0.6163501;28296.079000064;;;false;0;;;
2020-12-04 00:30:43;2020-12-04 07:52:38;78%;94%;;0;No alarm;;;1.164491;26514.802999808;;;false;0;;;
2020-12-05 02:23:24;2020-12-05 09:35:57;74%;86%;;0;No alarm;;;1.6754308;25952.327000064;;;true;58;;;
2020-12-06 02:37:06;2020-12-06 10:13:16;62%;86%;;0;No alarm;;;5.8064575;27369.678999808;;;false;0;;;
2020-12-07 00:32:27;2020-12-07 08:22:46;87%;76%;;0;No alarm;;;0.1987828;28218.876;;;false;0;;;
2020-12-08 00:41:28;2020-12-08 08:32:37;83%;85%;;0;No alarm;;;1.0901117;28269.215000064;;;false;0;;;
2020-12-09 01:21:19;2020-12-09 08:58:22;82%;85%;;0;No alarm;;;0.70945275;27422.608999936;;;false;0;;;
2020-12-10 01:35:16;2020-12-10 07:53:17;69%;92%;;0;No alarm;;;0.34164137;22681.28;;;false;0;;;
2020-12-11 00:08:13;2020-12-11 08:03:14;85%;88%;;0;No alarm;;;0.78775334;28501.139000064;;;false;0;;;
2020-12-12 03:29:57;2020-12-12 10:51:27;80%;74%;;0;No alarm;;;0.68964404;26489.14;;;false;0;;;
2020-12-13 00:43:50;2020-12-13 08:27:15;85%;64%;;0;No alarm;;;0.377596;27804.899000064;;;false;0;;;
2020-12-14 01:58:09;2020-12-14 09:17:48;80%;62%;;0;No alarm;;;0.3603583;26379.12;;;false;0;;;
2020-12-15 00:34:13;2020-12-15 08:14:15;84%;73%;;0;No alarm;;;0.45806533;27602.073999872;;;false;0;;;
2020-12-16 00:42:21;2020-12-16 08:27:32;85%;86%;;0;No alarm;;;0.29905906;27910.604999936;;;true;57;;;
2020-12-17 02:47:47;2020-12-17 10:18:02;83%;81%;;0;No alarm;;;0.2606533;27014.92;;;true;117;;;
2020-12-18 01:37:09;2020-12-18 09:27:47;84%;82%;;0;No alarm;;;0.84966713;28237.177999872;;;false;0;;;
2020-12-19 01:02:35;2020-12-19 08:50:08;85%;80%;;0;No alarm;;;0.54827696;28052.787000064;;;false;0;;;
2020-12-20 00:38:18;2020-12-20 08:23:24;85%;88%;;0;No alarm;;;0.35430488;27906.040999936;;;false;0;;;
2020-12-21 01:33:34;2020-12-21 09:02:12;82%;89%;;0;No alarm;;;0.45254663;26918.224999936;;;false;0;;;
2020-12-22 01:16:31;2020-12-22 08:55:14;83%;92%;;0;No alarm;;;0.5654686;27523.243000064;;;false;0;;;
2020-12-23 01:24:17;2020-12-23 09:12:31;86%;93%;;0;No alarm;;;0.254606;28093.888;;;false;0;;;
2020-12-24 01:59:21;2020-12-24 09:08:01;78%;95%;;0;No alarm;;;0.49074563;25720.099000064;;;false;0;;;
2020-12-25 02:20:07;2020-12-25 10:00:08;81%;93%;;0;No alarm;;;1.1731505;27601.753999872;;;false;0;;;
2020-12-26 02:08:32;2020-12-26 09:32:07;79%;92%;;0;No alarm;;;0.84592927;26614.54;;;false;0;;;
2020-12-27 01:41:12;2020-12-27 09:17:58;83%;92%;;0;No alarm;;;0.55784464;27406.129000192;;;false;0;;;
2020-12-28 01:41:17;2020-12-28 09:20:01;84%;96%;;0;No alarm;;;0.33846307;27523.536;;;true;59;;;
2020-12-29 00:41:50;2020-12-29 08:29:58;83%;92%;;0;No alarm;;;1.0686972;28087.436;;;false;0;;;
2020-12-30 01:10:28;2020-12-30 08:43:43;78%;92%;;0;No alarm;;;1.4625947;27195.510000128;;;false;0;;;
2021-01-01 02:53:07;2021-01-01 09:38:05;75%;86%;;0;No alarm;;;0.18287876;24297.766000128;;;false;0;;;
2021-01-01 23:59:41;2021-01-02 04:29:47;45%;33%;;0;No alarm;;;1.9921091;16206.638000128;;;false;0;;;
2021-01-05 01:22:45;2021-01-05 08:54:41;77%;51%;;0;No alarm;;;0.0;27116.264;;;false;0;;;
2021-01-06 03:59:14;2021-01-06 10:48:04;73%;57%;;0;No alarm;;;0.93526465;24530.415000064;;;false;0;;;
2021-01-07 03:03:23;2021-01-07 10:25:33;80%;75%;;0;No alarm;;;0.6848901;26530.397000192;;;true;57;;;
2021-01-08 00:31:23;2021-01-08 08:19:41;73%;71%;;0;No alarm;;;3.2648985;28097.796;;;false;0;;;
2021-01-09 02:00:10;2021-01-09 09:42:59;83%;75%;;0;No alarm;;;0.7708971;27768.744;;;false;0;;;
2021-01-10 03:04:54;2021-01-10 09:44:51;74%;76%;;0;No alarm;;;0.08808137;23996.442000128;;;false;0;;;
2021-01-11 01:53:56;2021-01-11 09:38:54;85%;85%;;0;No alarm;;;0.23921597;27898.497999872;;;false;0;;;
2021-01-12 01:51:19;2021-01-12 09:34:29;85%;93%;;0;No alarm;;;0.22188157;27790.324;;;true;59;;;
2021-01-13 00:51:54;2021-01-13 08:34:40;86%;90%;;0;No alarm;;;0.042654343;27765.835999744;;;false;0;;;
2021-01-14 00:45:06;2021-01-14 07:19:00;71%;90%;;0;No alarm;;;0.5389764;23634.565999872;;;false;0;;;
2021-01-15 01:06:16;2021-01-15 09:25:27;92%;83%;;0;No alarm;;;0.2221556;29950.36;;;true;63;;;
2021-01-16 01:02:39;2021-01-16 08:52:59;85%;87%;;0;No alarm;;;0.4890619;28219.199000064;;;false;0;;;
2021-01-17 02:11:12;2021-01-17 10:02:48;86%;85%;;0;No alarm;;;0.27436566;28296.450999808;;;true;58;;;
2021-01-18 01:12:25;2021-01-18 08:32:47;82%;85%;;0;No alarm;;;0.058224592;26422.046000128;;;false;0;;;
2021-01-18 23:33:03;2021-01-19 08:28:47;97%;82%;;0;No alarm;;;0.59834176;32143.912;;;false;0;;;
2021-01-20 01:49:58;2021-01-20 09:28:45;84%;79%;;0;No alarm;;;0.3921117;27526.348999936;;;true;57;;;
2021-01-21 00:46:05;2021-01-21 08:27:53;78%;80%;;0;No alarm;;;1.8550916;27707.255000064;;;true;68;;;
2021-01-22 02:35:26;2021-01-22 09:59:56;80%;75%;;0;No alarm;;;0.5204442;26670.292;;;false;0;;;
2021-01-23 01:35:43;2021-01-23 09:14:04;82%;78%;;0;No alarm;;;0.7721009;27500.738999808;;;false;0;;;
2021-01-24 03:32:20;2021-01-24 10:05:28;67%;78%;;0;No alarm;;;1.6062584;23587.610000128;;;false;0;;;
2021-01-24 23:31:34;2021-01-25 07:08:04;82%;59%;;0;No alarm;;;0.62211305;27389.572;;;false;0;;;
2021-01-25 23:49:01;2021-01-26 07:18:55;82%;69%;;0;No alarm;;;0.4476288;26993.784999936;;;false;0;;;
2021-01-26 23:18:08;2021-01-27 07:05:27;84%;94%;;0;No alarm;;;0.5820096;28038.8;;;false;0;;;
2021-01-27 23:19:05;2021-01-28 07:00:39;84%;96%;;0;No alarm;;;0.4392158;27694.281000192;;;false;0;;;
2021-01-29 00:06:05;2021-01-29 07:37:52;81%;94%;;0;No alarm;;;0.6741368;27107.759000064;;;true;57;;;
2021-01-30 00:06:42;2021-01-30 08:14:08;84%;94%;;0;No alarm;;;4.293587;29245.795000064;;;false;0;;;
2021-01-31 23:24:44;2021-02-01 06:56:43;82%;83%;;0;No alarm;;;3.2586699;27119.291999744;;;false;0;;;
2021-02-01 23:45:13;2021-02-02 07:15:24;85%;94%;;0;No alarm;;;1.6865809;27011.771000064;;;false;0;;;
2021-02-03 00:14:52;2021-02-03 07:37:51;81%;93%;;0;No alarm;;;2.6941934;26578.881999872;;;false;0;;;
2021-02-04 00:01:56;2021-02-04 07:04:53;80%;93%;;0;No alarm;;;2.0219314;25376.939000064;;;false;0;;;
2021-02-06 01:36:00;2021-02-06 08:51:21;75%;86%;;0;No alarm;;;3.4929798;26120.991000064;;;true;114;;;
2021-02-07 02:19:01;2021-02-07 10:01:00;87%;78%;;0;No alarm;;;1.8468554;27719.018999808;;;false;0;;;
2021-02-07 23:51:51;2021-02-08 07:21:39;75%;70%;;0;No alarm;;;3.2384968;26987.793999872;;;false;0;;;
2021-02-08 23:32:38;2021-02-09 07:18:03;85%;77%;;0;No alarm;;;2.2486696;27925.318000128;;;false;0;;;
2021-02-09 23:50:12;2021-02-10 07:35:36;84%;95%;;0;No alarm;;;2.3135295;27924.028;;;false;0;;;
2021-02-11 00:09:44;2021-02-11 07:15:05;57%;95%;;0;No alarm;;;4.1822257;25520.867000064;;;false;0;;;
2021-02-12 00:02:18;2021-02-12 07:57:24;76%;94%;;0;No alarm;;;3.340474;28505.704;;;false;0;;;
2021-02-13 02:19:06;2021-02-13 09:55:05;63%;86%;;0;No alarm;;;4.282313;27358.229000192;;;false;0;;;
2021-02-14 00:57:30;2021-02-14 08:49:05;80%;82%;;0;No alarm;;;3.099268;28294.439000064;;;false;0;;;
2021-02-14 23:31:04;2021-02-15 07:17:59;96%;77%;;0;No alarm;;;1.5067241;28014.624999936;;;false;0;;;
2021-02-15 23:33:47;2021-02-16 07:12:43;79%;87%;;0;No alarm;;;2.8923564;27536.276;;;false;0;;;
2021-02-17 00:17:11;2021-02-17 07:41:40;67%;88%;;0;No alarm;;;3.8211346;26668.552999936;;;false;0;;;
2021-02-17 23:23:35;2021-02-18 07:09:18;84%;92%;;0;No alarm;;;2.5104506;27942.566000128;;;false;0;;;
2021-02-19 00:00:55;2021-02-19 07:29:40;87%;92%;;0;No alarm;;;1.9568082;26924.849000192;;;false;0;;;
2021-02-20 00:50:21;2021-02-20 08:24:57;87%;88%;;0;No alarm;;;2.0208626;27275.808;;;false;0;;;
2021-02-21 02:37:36;2021-02-21 09:59:29;68%;83%;;0;No alarm;;;3.61916;26512.635000064;;;false;0;;;
2021-02-21 23:55:41;2021-02-22 07:28:04;85%;64%;;0;No alarm;;;2.1507645;27142.965999872;;;false;0;;;
2021-02-22 23:16:05;2021-02-23 07:09:02;69%;74%;;0;No alarm;;;3.9029052;28376.730000128;;;false;0;;;
2021-02-23 23:45:22;2021-02-24 07:33:49;90%;92%;;0;No alarm;;;1.9961106;28106.156999936;;;false;0;;;
2021-02-25 00:01:22;2021-02-25 07:38:26;77%;93%;;0;No alarm;;;3.020703;27424.013000192;;;false;0;;;
2021-02-25 23:28:13;2021-02-26 07:13:19;84%;93%;;0;No alarm;;;2.4593794;27905.678000128;;;false;0;;;
2021-02-27 02:38:26;2021-02-27 09:40:22;84%;83%;;0;No alarm;;;1.643943;25316.750000128;;;false;0;;;
2021-02-28 00:01:24;2021-02-28 07:54:00;83%;76%;;0;No alarm;;;2.6338735;28355.544999936;;;false;0;;;
2021-02-28 23:37:42;2021-03-01 07:16:43;87%;69%;;0;No alarm;;;2.0063906;27541.254000128;;;false;0;;;
2021-03-01 23:29:41;2021-03-02 07:18:35;96%;95%;;0;No alarm;;;1.3934798;28134.452999936;;;false;0;;;
2021-03-02 23:24:38;2021-03-03 07:00:05;86%;97%;;0;No alarm;;;2.003025;27326.834999808;;;false;0;;;
2021-03-03 23:41:55;2021-03-04 07:27:41;81%;96%;;0;No alarm;;;2.5420358;27945.708999936;;;false;0;;;
2021-03-05 00:35:56;2021-03-05 08:13:26;71%;93%;;0;No alarm;;;3.3584523;27449.441999872;;;false;0;;;
2021-03-06 00:10:17;2021-03-06 08:09:03;79%;93%;;0;No alarm;;;2.9361742;28726.272999936;;;false;0;;;
2021-03-07 02:41:53;2021-03-07 10:25:13;75%;83%;;0;No alarm;;;3.0922446;27799.264;;;false;0;;;
2021-03-08 00:28:55;2021-03-08 07:53:00;87%;75%;;0;No alarm;;;1.7004281;26645.239000064;;;false;0;;;
2021-03-08 23:37:27;2021-03-09 07:28:54;80%;74%;;0;No alarm;;;2.7699363;28287.168999936;;;false;0;;;
2021-03-09 23:44:39;2021-03-10 07:37:06;73%;93%;;0;No alarm;;;3.3385248;28346.662000128;;;false;0;;;
2021-03-10 23:00:15;2021-03-11 06:50:40;54%;92%;;0;No alarm;;;4.997395;28225.091000064;;;true;64;;;
2021-03-11 23:27:34;2021-03-12 07:19:51;87%;92%;;0;No alarm;;;2.1934254;28336.728999936;;;false;0;;;
2021-03-13 00:15:29;2021-03-13 08:28:48;84%;90%;;0;No alarm;;;2.841433;29599.057999872;;;false;0;;;
2021-03-14 02:40:20;2021-03-14 10:25:15;70%;81%;;0;No alarm;;;3.635987;27895.129999872;;;false;0;;;
2021-03-15 00:11:11;2021-03-15 07:41:54;78%;74%;;0;No alarm;;;2.7203956;27043.177000192;;;false;0;;;
2021-03-15 23:18:09;2021-03-16 07:14:39;88%;72%;;0;No alarm;;;2.2167695;28590.503000064;;;false;0;;;
2021-03-16 23:42:06;2021-03-17 07:30:46;92%;91%;;0;No alarm;;;1.7674867;28120.398000128;;;false;0;;;
2021-03-17 23:14:07;2021-03-18 07:07:48;92%;93%;;0;No alarm;;;1.7709374;28421.706000128;;;false;0;;;
2021-03-19 00:16:23;2021-03-19 07:50:57;90%;90%;;0;No alarm;;;1.6161618;27274.046999808;;;false;0;;;
2021-03-20 01:38:05;2021-03-20 09:15:56;96%;87%;;0;No alarm;;;1.1042713;27470.664999936;;;false;0;;;
2021-03-21 01:23:37;2021-03-21 09:23:56;73%;88%;;0;No alarm;;;3.5425582;28818.670000128;;;false;0;;;
2021-03-22 01:44:33;2021-03-22 09:19:40;84%;88%;;0;No alarm;;;2.1494367;27307.135000064;;;false;0;;;
2021-03-24 00:02:09;2021-03-24 07:55:37;70%;85%;;0;No alarm;;;3.6871414;28408.068;;;false;0;;;
2021-03-25 00:01:10;2021-03-25 07:57:55;100%;86%;;0;No alarm;;;0.77959085;28604.48;;;true;71;;;
2021-03-26 00:01:03;2021-03-26 07:59:08;88%;99%;;0;No alarm;;;0.09121886;28684.659000064;;;false;0;;;
2021-03-26 23:28:37;2021-03-27 06:58:06;76%;93%;;0;No alarm;;;1.7942215;26969.245000192;;;false;0;;;
2021-03-27 23:44:43;2021-03-28 07:49:49;100%;88%;;0;No alarm;;;1.1154232;29105.804;;;true;424;;;
2021-03-28 23:39:01;2021-03-29 07:19:09;83%;92%;;0;No alarm;;;2.2070634;27607.791000064;;;false;0;;;
2021-03-30 00:59:05;2021-03-30 06:03:01;61%;87%;;0;No alarm;;;1.2733653;18235.28;;;false;0;;;
2021-03-31 02:16:10;2021-03-31 09:58:09;86%;80%;;0;No alarm;;;1.8775154;27718.857999872;;;false;0;;;
2021-04-01 02:40:50;2021-04-01 10:18:46;89%;80%;;0;No alarm;;;1.5361583;27475.850000128;;;true;69;;;
2021-04-02 00:20:19;2021-04-02 08:22:51;93%;73%;;0;No alarm;;;1.5545443;28951.596999936;;;false;0;;;
2021-04-03 02:26:11;2021-04-03 10:04:03;59%;75%;;0;No alarm;;;4.433782;27472.804;;;false;0;;;
2021-04-04 00:57:35;2021-04-04 08:45:45;72%;69%;;0;No alarm;;;3.3636422;28089.689999872;;;false;0;;;
2021-04-04 23:26:10;2021-04-05 07:09:57;95%;75%;;0;No alarm;;;1.0626551;27826.844;;;false;0;;;
2021-04-06 00:18:33;2021-04-06 08:09:20;64%;78%;;0;No alarm;;;4.265449;28246.833000192;;;false;0;;;
2021-04-06 23:58:21;2021-04-07 07:42:10;93%;88%;;0;No alarm;;;1.1821535;27828.561999872;;;false;0;;;
2021-04-08 00:18:48;2021-04-08 07:53:28;89%;91%;;0;No alarm;;;1.3467017;27280.124;;;false;0;;;
2021-04-09 01:21:39;2021-04-09 09:12:24;82%;88%;;0;No alarm;;;2.4346917;28244.783000064;;;false;0;;;
2021-04-10 03:17:19;2021-04-10 10:38:03;48%;82%;;0;No alarm;;;5.5402765;26443.354000128;;;true;65;;;
2021-04-11 02:46:14;2021-04-11 10:19:19;72%;85%;;0;No alarm;;;3.2637534;27184.733999872;;;false;0;;;
2021-04-11 23:53:39;2021-04-12 07:42:56;87%;73%;;0;No alarm;;;1.8405788;28156.972999936;;;false;0;;;
2021-04-12 23:56:54;2021-04-13 07:45:45;86%;76%;;0;No alarm;;;1.9852793;28130.303000064;;;false;0;;;
2021-04-14 00:41:18;2021-04-14 08:24:01;90%;80%;;0;No alarm;;;1.4359525;27762.856;;;false;0;;;
2021-04-14 23:19:18;2021-04-15 07:10:44;93%;88%;;0;No alarm;;;1.2993393;28285.477999872;;;false;0;;;
2021-04-15 23:42:53;2021-04-16 07:29:29;83%;87%;;0;No alarm;;;2.2392428;27996.032;;;false;0;;;
2021-04-17 03:22:00;2021-04-17 10:57:06;72%;75%;;0;No alarm;;;3.2079704;27305.439000064;;;true;134;;;
2021-04-18 03:02:30;2021-04-18 10:21:15;78%;75%;;0;No alarm;;;2.2641108;26324.771000064;;;true;63;;;
2021-04-19 00:01:52;2021-04-19 07:39:50;76%;69%;;0;No alarm;;;2.807035;27478.1;;;false;0;;;
2021-04-19 23:20:21;2021-04-20 07:14:32;94%;71%;;0;No alarm;;;1.2329789;28451.489000192;;;false;0;;;
2021-04-21 00:09:21;2021-04-21 07:38:32;83%;77%;;0;No alarm;;;1.8817337;26951.403000064;;;false;0;;;
2021-04-22 00:34:43;2021-04-22 07:42:30;71%;92%;;0;No alarm;;;2.7336485;25667.419000064;;;false;0;;;
2021-04-23 00:32:15;2021-04-23 08:16:16;59%;93%;;0;No alarm;;;4.6914186;27841.399000064;;;false;0;;;
2021-04-23 23:43:31;2021-04-24 07:22:46;85%;90%;;0;No alarm;;;1.8402638;27554.432;;;false;0;;;
2021-04-25 02:47:35;2021-04-25 10:11:46;55%;77%;;0;No alarm;;;4.954193;26651.088999936;;;false;0;;;
2021-04-26 00:00:18;2021-04-26 07:42:20;90%;64%;;0;No alarm;;;1.4078951;27722.687000064;;;true;62;;;
2021-04-26 23:39:40;2021-04-27 07:11:12;82%;66%;;0;No alarm;;;2.0098257;27091.433000192;;;false;0;;;
2021-04-28 00:05:08;2021-04-28 07:41:01;90%;73%;;0;No alarm;;;1.2036273;27353.64;;;false;0;;;
2021-04-29 00:00:28;2021-04-29 07:42:54;80%;94%;;0;No alarm;;;2.5107822;27746.025000192;;;false;0;;;
2021-04-30 00:31:21;2021-04-30 08:08:46;82%;94%;;0;No alarm;;;2.0837278;27445.107000064;;;false;0;;;
2021-05-01 02:21:08;2021-05-01 10:20:04;88%;87%;;0;No alarm;;;1.938347;28736.379000064;;;false;0;;;
2021-05-02 02:00:42;2021-05-02 09:51:25;91%;83%;;0;No alarm;;;1.4160045;28243.148;;;true;127;;;
2021-05-03 00:22:52;2021-05-03 07:53:34;91%;76%;;0;No alarm;;;0.9806086;27041.662999808;;;false;0;;;
2021-05-03 23:59:33;2021-05-04 07:43:39;84%;82%;;0;No alarm;;;2.0216892;27845.587000064;;;false;0;;;
2021-05-05 00:44:42;2021-05-05 08:27:57;82%;84%;;0;No alarm;;;2.173306;27795.375000064;;;false;0;;;
2021-05-06 00:31:50;2021-05-06 07:49:12;93%;91%;;0;No alarm;;;0.39641234;26241.933999872;;;false;0;;;
2021-05-06 23:43:13;2021-05-07 07:33:00;91%;90%;;0;No alarm;;;1.3183761;28187.124999936;;;false;0;;;
2021-05-08 03:36:40;2021-05-08 10:54:16;74%;77%;;0;No alarm;;;2.5244393;26256.116;;;false;0;;;
2021-05-09 02:15:42;2021-05-09 09:42:33;73%;69%;;0;No alarm;;;2.901256;26810.726000128;;;false;0;;;
2021-05-10 00:10:59;2021-05-10 07:32:54;73%;61%;;0;No alarm;;;2.723753;26514.249000192;;;false;0;;;
2021-05-11 00:12:03;2021-05-11 07:52:02;71%;70%;;0;No alarm;;;3.2903867;27599.216;;;false;0;;;
2021-05-12 00:11:18;2021-05-12 07:57:00;80%;87%;;0;No alarm;;;2.4218931;27941.869999872;;;false;0;;;
2021-05-12 23:33:50;2021-05-13 07:30:11;90%;95%;;0;No alarm;;;1.5933961;28580.678000128;;;false;0;;;
2021-05-14 01:03:02;2021-05-14 08:33:46;78%;89%;;0;No alarm;;;2.3526044;27044.948000256;;;false;0;;;
2021-05-15 02:56:24;2021-05-15 10:32:46;82%;79%;;0;No alarm;;;2.0086048;27382.424;;;false;0;;;
2021-05-16 02:12:45;2021-05-16 09:07:41;77%;76%;;0;No alarm;;;1.781884;24896.219000064;;;false;0;;;
2021-05-16 23:50:05;2021-05-17 07:48:07;99%;75%;;0;No alarm;;;0.6277677;28682.498000128;;;false;0;;;
2021-05-17 23:35:50;2021-05-18 07:27:57;90%;82%;;0;No alarm;;;1.4893879;28326.196999936;;;true;69;;;
2021-05-18 23:42:39;2021-05-19 07:19:03;90%;96%;;0;No alarm;;;1.1692226;27383.838000128;;;false;0;;;
2021-05-19 23:50:36;2021-05-20 07:36:51;78%;96%;;0;No alarm;;;2.569033;27975.032999936;;;false;0;;;
2021-05-21 02:35:18;2021-05-21 09:46:48;76%;87%;;0;No alarm;;;2.1460943;25890.246000128;;;false;0;;;
2021-05-22 02:10:21;2021-05-22 09:50:14;89%;87%;;0;No alarm;;;1.3333478;27593.759000064;;;false;0;;;
2021-05-23 01:55:16;2021-05-23 09:15:28;86%;86%;;0;No alarm;;;1.1522017;26411.948000256;;;false;0;;;
2021-05-23 23:31:22;2021-05-24 07:26:45;95%;78%;;0;No alarm;;;0.98704064;28523.668000256;;;false;0;;;
2021-05-25 00:43:05;2021-05-25 08:21:49;92%;80%;;0;No alarm;;;0.88111603;27524.216;;;false;0;;;
2021-05-25 23:54:25;2021-05-26 07:40:33;80%;84%;;0;No alarm;;;2.3959682;27967.912999936;;;false;0;;;
2021-05-26 23:53:51;2021-05-27 07:38:49;96%;89%;;0;No alarm;;;0.52165014;27897.839000064;;;true;66;;;
2021-05-27 23:42:54;2021-05-28 07:10:39;83%;97%;;0;No alarm;;;1.6696143;26864.838000128;;;false;0;;;
2021-05-29 00:06:40;2021-05-29 07:56:31;86%;94%;;0;No alarm;;;1.775467;28190.623000064;;;false;0;;;
2021-05-30 02:03:58;2021-05-30 09:44:36;82%;88%;;0;No alarm;;;2.0065677;27637.973999872;;;false;0;;;
2021-05-31 00:20:17;2021-05-31 07:52:42;85%;80%;;0;No alarm;;;1.5355388;27144.809999872;;;false;0;;;
2021-06-01 00:45:47;2021-06-01 08:26:33;86%;80%;;0;No alarm;;;1.5082289;27645.96;;;false;0;;;
2021-06-02 00:32:45;2021-06-02 08:13:08;88%;86%;;0;No alarm;;;1.3267647;27622.479000064;;;false;0;;;
2021-06-03 00:48:01;2021-06-03 08:27:31;88%;94%;;0;No alarm;;;1.2787672;27569.791000064;;;false;0;;;
2021-06-04 01:44:20;2021-06-04 09:32:38;97%;91%;;0;No alarm;;;0.4884999;28098.059000064;;;false;0;;;
2021-06-04 23:33:08;2021-06-05 06:09:52;78%;68%;;0;No alarm;;;0.988793;23804.256;;;false;0;;;
2021-06-05 23:31:54;2021-06-06 07:34:37;92%;70%;;0;No alarm;;;1.3093387;28963.040999936;;;false;0;;;
2021-06-07 02:23:41;2021-06-07 10:19:49;55%;64%;;0;No alarm;;;5.10751;28568.236999936;;;false;0;;;
2021-06-08 23:44:46;2021-06-09 07:21:32;75%;44%;;0;No alarm;;;2.7001393;27405.533000192;;;false;0;;;
2021-06-09 23:43:03;2021-06-10 07:29:27;77%;98%;;0;No alarm;;;2.65011;27983.968999936;;;false;0;;;
2021-06-11 01:13:05;2021-06-11 08:55:44;78%;87%;;0;No alarm;;;2.4240127;27758.794000128;;;false;0;;;
2021-06-12 00:44:51;2021-06-12 08:38:27;75%;89%;;0;No alarm;;;2.91711;28415.930000128;;;false;0;;;
2021-06-13 00:19:24;2021-06-13 08:17:20;34%;90%;;0;No alarm;;;42.984924;28676.3;;;false;0;;;
2021-06-14 01:26:28;2021-06-14 08:56:11;79%;87%;;0;No alarm;;;1.614654;26982.333999872;;;false;0;;;
2021-06-14 23:26:31;2021-06-15 07:04:32;78%;76%;;0;No alarm;;;2.7618146;27481.135000064;;;true;264;;;
2021-06-16 01:12:51;2021-06-16 08:58:33;80%;74%;;0;No alarm;;;2.56318;27942.311000064;;;true;1296;;;
2021-06-17 00:24:09;2021-06-17 08:13:42;79%;74%;;0;No alarm;;;3.174218;28173.484;;;true;418;;;
2021-06-18 01:41:24;2021-06-18 09:38:52;81%;77%;;0;No alarm;;;2.89413;28648.436999936;;;false;0;;;
2021-06-19 02:19:03;2021-06-19 09:04:48;65%;80%;;0;No alarm;;;4.5245066;24344.828;;;true;115;;;
2021-06-20 02:02:43;2021-06-20 09:41:18;77%;86%;;0;No alarm;;;3.246669;27515.588999936;;;true;1240;;;
2021-06-21 01:16:14;2021-06-21 08:47:04;82%;89%;;0;No alarm;;;0.8472123;27049.827000064;;;false;0;;;
2021-06-22 00:47:11;2021-06-22 08:40:43;41%;91%;;0;No alarm;;;17.691511;28411.375000064;;;false;0;;;
2021-06-23 00:31:41;2021-06-23 08:33:37;50%;92%;;0;No alarm;;;15.394672;28916.838000128;;;false;0;;;
2021-06-24 01:48:29;2021-06-24 09:37:56;82%;90%;;0;No alarm;;;2.1172104;28167.696;;;false;0;;;
2021-06-25 02:03:33;2021-06-25 09:31:30;81%;91%;;0;No alarm;;;0.73504174;26876.330999808;;;false;0;;;
2021-06-26 00:46:29;2021-06-26 08:36:12;82%;86%;;0;No alarm;;;1.9775118;28183.176999936;;;false;0;;;
2021-06-27 01:58:27;2021-06-27 08:28:41;68%;89%;;0;No alarm;;;2.169272;23414.338999808;;;false;0;;;
2021-06-27 23:12:53;2021-06-28 06:49:49;84%;76%;;0;No alarm;;;0.29352325;27415.292999936;;;false;0;;;
2021-06-28 22:56:27;2021-06-29 02:21:16;35%;61%;;0;No alarm;;;2.4404366;12288.931000064;;;false;0;;;
2021-06-30 02:24:53;2021-06-30 10:23:38;80%;37%;;0;No alarm;;;3.6516778;28725.168;;;false;0;;;
2021-07-01 02:01:13;2021-07-01 08:53:58;73%;44%;;0;No alarm;;;1.7214031;24765.597999872;;;false;0;;;
2021-07-02 00:19:14;2021-07-02 08:17:58;63%;53%;;0;No alarm;;;10.38908;28724.105999872;;;false;0;;;
2021-07-03 01:44:41;2021-07-03 09:36:16;84%;57%;;0;No alarm;;;1.3129805;28294.476;;;false;0;;;
2021-07-04 02:13:59;2021-07-04 10:05:46;86%;83%;;0;No alarm;;;0.8069908;28307.324999936;;;false;0;;;
2021-07-05 02:18:35;2021-07-05 09:43:14;79%;88%;;0;No alarm;;;1.7289646;26679.788999936;;;false;0;;;
2021-07-06 01:15:58;2021-07-06 08:26:27;70%;89%;;0;No alarm;;;4.6407003;25829.244;;;false;0;;;
2021-07-07 00:41:16;2021-07-07 07:10:49;68%;87%;;0;No alarm;;;2.272367;23373.328999936;;;false;0;;;
2021-07-08 00:46:54;2021-07-08 08:45:04;86%;83%;;0;No alarm;;;1.354798;28690.559000064;;;false;0;;;
2021-07-09 00:50:28;2021-07-09 08:44:09;84%;90%;;0;No alarm;;;1.6350074;28420.08;;;false;0;;;
2021-07-10 00:36:16;2021-07-10 08:29:16;85%;93%;;0;No alarm;;;1.0143657;28379.879000064;;;false;0;;;
2021-07-11 02:01:37;2021-07-11 09:43:34;79%;91%;;0;No alarm;;;2.8737714;27717.016;;;false;0;;;
2021-07-12 00:35:56;2021-07-12 08:39:42;79%;84%;;0;No alarm;;;4.3183246;29025.831000064;;;false;0;;;
2021-07-13 01:49:40;2021-07-13 09:34:50;82%;79%;;0;No alarm;;;1.9024165;27909.267000064;;;false;0;;;
2021-07-14 01:36:09;2021-07-14 09:30:00;81%;86%;;0;No alarm;;;2.6885197;28431.261000192;;;false;0;;;
2021-07-15 03:02:32;2021-07-15 10:03:51;74%;87%;;0;No alarm;;;2.1451318;25278.499000064;;;false;0;;;
2021-07-16 01:17:20;2021-07-16 09:14:21;81%;86%;;0;No alarm;;;3.1898017;28620.88;;;true;73;;;
2021-07-17 02:21:32;2021-07-17 09:53:53;79%;82%;;0;No alarm;;;2.2420506;27140.812;;;false;0;;;
2021-07-18 02:36:11;2021-07-18 10:25:16;82%;85%;;0;No alarm;;;2.1200638;28145.541999872;;;false;0;;;
2021-07-19 02:54:13;2021-07-19 10:33:20;77%;91%;;0;No alarm;;;3.3135915;27546.967000064;;;false;0;;;
2021-07-20 03:19:54;2021-07-20 10:41:04;73%;95%;;0;No alarm;;;3.8827586;26470.070999808;;;false;0;;;
2021-07-21 00:51:23;2021-07-21 08:43:59;84%;84%;;0;No alarm;;;1.4897535;28356.819000064;;;false;0;;;
2021-07-22 02:01:18;2021-07-22 09:43:25;79%;80%;;0;No alarm;;;2.8379204;27726.207000064;;;false;0;;;
2021-07-23 00:42:08;2021-07-23 08:45:04;85%;75%;;0;No alarm;;;1.962872;28976.676999936;;;false;0;;;
2021-07-24 00:40:09;2021-07-24 08:27:44;83%;86%;;0;No alarm;;;1.527891;28054.756999936;;;false;0;;;
2021-07-25 01:41:46;2021-07-25 09:18:03;80%;87%;;0;No alarm;;;1.891184;27376.710000128;;;true;134;;;
2021-07-26 00:52:23;2021-07-26 08:19:36;78%;88%;;0;No alarm;;;2.2482896;26832.293000192;;;false;0;;;
2021-07-27 01:05:22;2021-07-27 08:47:05;76%;87%;;0;No alarm;;;4.0264354;27703.104;;;false;0;;;
2021-07-28 00:25:36;2021-07-28 07:36:37;76%;88%;;0;No alarm;;;2.0357118;25860.656999936;;;false;0;;;
2021-07-29 00:43:43;2021-07-29 08:39:42;81%;89%;;0;No alarm;;;3.0351572;28558.602999808;;;false;0;;;
2021-07-30 02:19:06;2021-07-30 09:55:28;71%;83%;;0;No alarm;;;5.3805094;27382.677999872;;;false;0;;;
2021-07-31 02:16:50;2021-07-31 09:55:42;76%;88%;;0;No alarm;;;3.8566434;27532.2;;;false;0;;;
2021-08-01 02:14:22;2021-08-01 10:34:50;90%;90%;;0;No alarm;;;1.2497922;30028.093999872;;;false;0;;;
2021-08-02 00:35:55;2021-08-02 08:37:48;88%;87%;;0;No alarm;;;0.6759577;28913.307000064;;;false;0;;;
2021-08-02 23:51:17;2021-08-03 07:48:07;86%;78%;;0;No alarm;;;1.2718828;28609.687000064;;;false;0;;;
2021-08-04 03:09:46;2021-08-04 10:08:32;68%;69%;;0;No alarm;;;4.196416;25126.834000128;;;false;0;;;
2021-08-05 01:04:22;2021-08-05 09:04:02;82%;71%;;0;No alarm;;;2.7777753;28779.860999936;;;true;92;;;
2021-08-06 00:23:23;2021-08-06 08:09:35;84%;71%;;0;No alarm;;;1.2296304;27972.636999936;;;false;0;;;
2021-08-07 00:29:57;2021-08-07 08:38:57;88%;77%;;0;No alarm;;;1.3240938;29339.392;;;false;0;;;
2021-08-08 00:58:27;2021-08-08 08:38:36;81%;92%;;0;No alarm;;;1.8430389;27608.972999936;;;false;0;;;
2021-08-08 22:51:18;2021-08-09 06:17:43;83%;79%;;0;No alarm;;;0.033667788;26785.427000064;;;false;0;;;
2021-08-09 23:27:11;2021-08-10 07:15:27;54%;74%;;0;No alarm;;;12.311354;28095.636;;;false;0;;;
2021-08-10 23:14:51;2021-08-11 06:48:57;68%;90%;;0;No alarm;;;6.4739695;27245.330000128;;;false;0;;;
2021-08-11 22:30:17;2021-08-12 06:25:08;78%;90%;;0;No alarm;;;3.8486729;28490.036999936;;;false;0;;;
2021-08-12 22:57:52;2021-08-13 06:23:34;71%;93%;;0;No alarm;;;5.0630803;26741.553999872;;;false;0;;;
2021-08-14 02:10:57;2021-08-14 09:30:43;80%;82%;;0;No alarm;;;1.0009578;26385.9;;;false;0;;;
2021-08-15 01:11:16;2021-08-15 09:11:29;87%;80%;;0;No alarm;;;1.0355544;28813.545000192;;;false;0;;;
2021-08-16 01:22:25;2021-08-16 08:57:08;72%;82%;;0;No alarm;;;5.232418;27282.424999936;;;false;0;;;
2021-08-16 23:03:27;2021-08-17 07:00:33;83%;80%;;0;No alarm;;;2.5063722;28625.600999936;;;false;0;;;
2021-08-17 23:32:28;2021-08-18 06:54:37;71%;79%;;0;No alarm;;;4.6514564;26528.867000064;;;false;0;;;
2021-08-18 22:49:19;2021-08-19 06:21:26;77%;92%;;0;No alarm;;;3.0810153;27127.252999936;;;false;0;;;
2021-08-19 23:04:43;2021-08-20 06:21:15;63%;94%;;0;No alarm;;;7.356625;26192.687000064;;;false;0;;;
2021-08-21 03:09:10;2021-08-21 10:31:10;76%;78%;;0;No alarm;;;2.678713;26519.844;;;false;0;;;
2021-08-22 02:30:28;2021-08-22 10:18:48;84%;77%;;0;No alarm;;;1.517701;28100.123000064;;;false;0;;;
2021-08-22 23:00:43;2021-08-23 06:19:33;66%;53%;;0;No alarm;;;6.532508;26330.4;;;false;0;;;
2021-08-23 23:34:24;2021-08-24 07:44:14;80%;60%;;0;No alarm;;;4.262593;29389.624;;;false;0;;;
2021-08-24 23:20:54;2021-08-25 07:30:22;82%;89%;;0;No alarm;;;3.6663103;29368.512;;;false;0;;;
2021-08-26 00:03:23;2021-08-26 06:28:19;68%;88%;;0;No alarm;;;1.8309566;23095.669000192;;;false;0;;;
2021-08-26 22:42:23;2021-08-27 06:26:56;80%;90%;;0;No alarm;;;0.0;27873.148999936;;;true;61;;;
2021-08-28 02:25:58;2021-08-28 10:25:17;77%;76%;;0;No alarm;;;2.6006608;28759.448;;;false;0;;;
2021-08-29 01:49:03;2021-08-29 09:27:59;83%;74%;;0;No alarm;;;1.0001565;27536.535000064;;;false;0;;;
2021-08-29 23:51:46;2021-08-30 06:29:16;60%;60%;;0;No alarm;;;6.39012;23850.358000128;;;false;0;;;
2021-08-30 23:39:53;2021-08-31 07:24:26;75%;74%;;0;No alarm;;;4.3643456;27873.472;;;false;0;;;
2021-08-31 23:15:24;2021-09-01 06:59:59;59%;91%;;0;No alarm;;;10.317366;27874.340999936;;;false;0;;;
2021-09-01 22:50:25;2021-09-02 06:07:16;64%;91%;;0;No alarm;;;7.1044536;26211.170999808;;;false;0;;;
2021-09-02 22:51:59;2021-09-03 06:27:16;73%;93%;;0;No alarm;;;4.670614;27317.033999872;;;false;0;;;
2021-09-04 01:49:25;2021-09-04 09:17:58;77%;82%;;0;No alarm;;;3.033938;26912.636;;;false;0;;;
2021-09-05 00:45:00;2021-09-05 08:55:13;89%;81%;;0;No alarm;;;0.98947966;29412.620000256;;;false;0;;;
2021-09-05 22:57:56;2021-09-06 06:27:54;71%;68%;;0;No alarm;;;5.192892;26998.370000128;;;false;0;;;
2021-09-06 22:57:00;2021-09-07 06:19:58;59%;81%;;0;No alarm;;;9.384667;26578.800999936;;;false;0;;;
2021-09-07 23:09:59;2021-09-08 06:55:09;49%;96%;;0;No alarm;;;14.350444;27909.965999872;;;false;0;;;
2021-09-08 22:57:52;2021-09-09 06:27:59;81%;95%;;0;No alarm;;;1.5411316;27007.499000064;;;false;0;;;
2021-09-09 22:45:53;2021-09-10 06:28:29;76%;95%;;0;No alarm;;;4.4065256;27756.390000128;;;false;0;;;
2021-09-11 02:18:03;2021-09-11 10:04:28;85%;81%;;0;No alarm;;;1.0823181;27984.858000128;;;false;0;;;
2021-09-12 08:30:39;2021-09-12 11:09:47;30%;0%;;0;No alarm;;;0.021694323;9548.551000064;;;false;0;;;
2021-09-12 23:02:49;2021-09-13 06:20:36;63%;41%;;0;No alarm;;;7.61583;26267.324999936;;;false;0;;;
2021-09-14 00:20:02;2021-09-14 08:17:05;83%;51%;;0;No alarm;;;2.7283945;28622.448;;;false;0;;;
2021-09-14 23:18:33;2021-09-15 06:56:56;74%;76%;;0;No alarm;;;4.8095074;27503.718999808;;;false;0;;;
2021-09-15 22:48:24;2021-09-16 06:28:44;82%;81%;;0;No alarm;;;1.8267032;27620.359000064;;;false;0;;;
2021-09-16 22:56:12;2021-09-17 06:29:25;78%;95%;;0;No alarm;;;2.9577484;27192.928999936;;;false;0;;;
2021-09-18 00:29:54;2021-09-18 08:22:27;84%;87%;;0;No alarm;;;1.8986044;28352.648999936;;;false;0;;;
2021-09-19 02:28:11;2021-09-19 10:24:31;82%;82%;;0;No alarm;;;2.8149579;28579.744;;;false;0;;;
2021-09-19 23:14:47;2021-09-20 06:28:21;69%;59%;;0;No alarm;;;5.247068;26013.798000128;;;false;0;;;
2021-09-20 23:04:01;2021-09-21 07:08:17;78%;66%;;0;No alarm;;;4.7595854;29055.422000128;;;false;0;;;
2021-09-21 23:20:31;2021-09-22 07:00:04;68%;94%;;0;No alarm;;;7.217877;27572.448;;;false;0;;;
2021-09-22 22:46:53;2021-09-23 06:29:42;76%;93%;;0;No alarm;;;4.091839;27768.917999872;;;false;0;;;
2021-09-23 22:46:46;2021-09-24 06:28:33;63%;95%;;0;No alarm;;;8.9300785;27707.306999808;;;false;0;;;
2021-09-25 00:07:13;2021-09-25 07:47:38;82%;91%;;0;No alarm;;;2.0053365;27624.698999808;;;false;0;;;
2021-09-26 01:47:35;2021-09-26 09:42:09;83%;84%;;0;No alarm;;;2.4620373;28473.574000128;;;false;0;;;
2021-09-27 23:43:52;2021-09-28 07:39:41;70%;65%;;0;No alarm;;;7.3994656;28548.7;;;false;0;;;
2021-09-29 00:06:31;2021-09-29 07:24:29;71%;80%;;0;No alarm;;;4.583273;26277.657999872;;;false;0;;;
2021-09-30 00:08:27;2021-09-30 06:24:21;40%;93%;;0;No alarm;;;14.088481;22553.588;;;false;0;;;
2021-09-30 23:11:16;2021-10-01 06:23:57;75%;92%;;0;No alarm;;;2.8942733;25960.603000064;;;false;0;;;
2021-10-02 02:35:22;2021-10-02 09:54:11;77%;80%;;0;No alarm;;;2.3530862;26329.110000128;;;false;0;;;
2021-10-03 01:52:03;2021-10-03 08:41:34;74%;72%;;0;No alarm;;;1.2928547;24571.529000192;;;false;0;;;
2021-10-04 00:50:56;2021-10-04 08:47:52;87%;72%;;0;No alarm;;;1.1180407;28615.612999936;21-10-04 08:27:20;21-10-04 08:50:00;false;0;;;
2021-10-05 00:58:00;2021-10-05 08:48:24;81%;78%;;0;No alarm;;;2.8541982;28223.222000128;21-10-05 08:25:55;21-10-05 08:50:00;false;0;;;
2021-10-06 01:05:39;2021-10-06 08:54:26;70%;95%;;0;No alarm;;;6.7511234;28126.884;21-10-06 08:31:20;21-10-06 08:55:00;false;0;;;
2021-10-07 00:07:46;2021-10-07 08:06:47;85%;94%;;0;No alarm;;;2.2032557;28740.912999936;21-10-07 07:44:40;21-10-07 08:10:00;false;0;;;
2021-10-08 01:42:35;2021-10-08 09:45:17;88%;85%;;0;No alarm;;;1.1680535;28962.277999872;21-10-08 09:22:40;21-10-08 09:45:00;false;0;;;
2021-10-09 02:12:56;2021-10-09 09:53:34;84%;84%;;0;No alarm;;;1.0336155;27638.444000256;21-10-09 09:34:33;21-10-09 10:00:00;false;0;;;
2021-10-10 02:14:28;2021-10-10 10:05:49;88%;88%;;0;No alarm;;;0.5310128;28280.807000064;21-10-10 09:42:03;21-10-10 10:05:00;false;0;;;
2021-10-10 23:04:37;2021-10-11 06:20:19;64%;70%;;0;No alarm;;;7.3347273;26141.876;21-10-11 06:01:30;21-10-11 06:25:00;false;0;;;
2021-10-11 23:58:17;2021-10-12 07:55:32;81%;60%;;0;No alarm;;;3.3729873;28635.189999872;21-10-12 07:32:46;21-10-12 07:55:00;false;0;;;
2021-10-12 23:02:58;2021-10-13 06:59:55;69%;81%;;0;No alarm;;;4.4944773;28616.493000192;21-10-13 06:34:35;21-10-13 07:00:00;false;0;;;
2021-10-13 23:05:38;2021-10-14 06:30:12;67%;86%;;0;No alarm;;;6.582631;26674.168;21-10-14 06:07:19;21-10-14 06:30:00;false;0;;;
2021-10-14 23:31:34;2021-10-15 06:29:24;66%;92%;;0;No alarm;;;5.502527;25069.872;21-10-15 06:04:42;21-10-15 06:30:00;false;0;;;
2021-10-16 00:45:38;2021-10-16 08:49:58;85%;86%;;0;No alarm;;;2.3880782;29060.031000064;21-10-16 08:25:06;21-10-16 08:50:00;false;0;;;
2021-10-17 00:48:18;2021-10-17 08:49:12;90%;90%;;0;No alarm;;;0.22180258;28853.289999872;21-10-17 08:24:48;21-10-17 08:50:00;true;62;;;
2021-10-18 01:09:05;2021-10-18 08:44:28;78%;90%;;0;No alarm;;;2.9985228;27322.794999808;21-10-18 08:35:51;21-10-18 09:00:00;false;0;;;
2021-10-19 00:45:03;2021-10-19 08:12:37;79%;89%;;0;No alarm;;;2.2669754;26854.136999936;21-10-19 08:14:28;21-10-19 08:40:00;false;0;;;
2021-10-19 23:25:25;2021-10-20 06:59:55;68%;85%;;0;No alarm;;;6.910499;27269.333000192;21-10-20 06:37:49;21-10-20 07:00:00;false;0;;;
2021-10-21 01:24:53;2021-10-21 08:43:57;77%;80%;;0;No alarm;;;2.4699264;26344.755000064;21-10-21 08:36:51;21-10-21 09:00:00;false;0;;;
2021-10-21 23:11:11;2021-10-22 06:28:49;62%;65%;;0;No alarm;;;8.345061;26257.846000128;21-10-22 06:07:06;21-10-22 06:30:00;false;0;;;
2021-10-23 02:43:19;2021-10-23 10:22:50;85%;56%;;0;No alarm;;;0.7420546;27570.876;21-10-23 10:09:41;21-10-23 10:35:00;false;0;;;
2021-10-24 01:34:03;2021-10-24 09:35:27;90%;63%;;0;No alarm;;;0.5748837;28883.010000128;21-10-24 09:09:08;21-10-24 09:35:00;true;60;;;
2021-10-24 22:47:13;2021-10-25 06:29:44;79%;57%;;0;No alarm;;;0.0;27750.352999936;21-10-25 06:07:48;21-10-25 06:30:00;false;0;;;
2021-10-26 00:33:38;2021-10-26 08:28:02;88%;60%;;0;No alarm;;;0.77420485;28463.664;21-10-26 08:03:31;21-10-26 08:30:00;false;0;;;
2021-10-26 23:26:14;2021-10-27 06:58:55;83%;73%;;0;No alarm;;;1.1894871;27160.639000064;21-10-27 06:37:42;21-10-27 07:00:00;false;0;;;
2021-10-27 22:40:14;2021-10-28 06:30:43;87%;78%;;0;No alarm;;;0.8404989;28229.297999872;21-10-28 06:04:40;21-10-28 06:30:00;false;0;;;
2021-10-29 00:10:00;2021-10-29 06:27:24;68%;80%;;0;No alarm;;;1.6784551;22644.428999936;21-10-29 06:07:12;21-10-29 06:30:00;false;0;;;
2021-10-30 04:13:46;2021-10-30 11:18:09;75%;67%;;0;No alarm;;;2.271628;25463.146000128;21-10-30 11:07:21;21-10-30 11:30:00;false;0;;;
2021-10-31 02:04:21;2021-10-31 09:59:14;84%;68%;;0;No alarm;;;2.1739137;28492.912;21-10-31 09:36:39;21-10-31 10:00:00;false;0;;;
2021-11-01 02:52:18;2021-11-01 10:44:22;77%;67%;;0;No alarm;;;4.334161;28324.854000128;21-11-01 10:19:04;21-11-01 10:45:00;false;0;;;
2021-11-02 00:30:41;2021-11-02 08:28:10;84%;73%;;0;No alarm;;;2.1910756;28648.855000064;21-11-02 08:05:58;21-11-02 08:30:00;false;0;;;
2021-11-02 23:15:18;2021-11-03 06:59:12;83%;69%;;0;No alarm;;;1.6536423;27834.113999872;21-11-03 06:34:08;21-11-03 07:00:00;false;0;;;
2021-11-03 23:23:02;2021-11-04 06:29:57;73%;86%;;0;No alarm;;;2.9340458;25614.408;21-11-04 06:05:20;21-11-04 06:30:00;false;0;;;
2021-11-04 23:15:54;2021-11-05 06:29:23;79%;96%;;0;No alarm;;;1.2996266;26008.996999936;21-11-05 06:07:16;21-11-05 06:30:00;false;0;;;
2021-11-06 01:31:58;2021-11-06 09:30:23;85%;83%;;0;No alarm;;;2.0923579;28704.808999936;21-11-06 09:06:27;21-11-06 09:30:00;false;0;;;
2021-11-06 23:56:05;2021-11-07 07:43:52;88%;75%;;0;No alarm;;;0.23346291;28067.412999936;21-11-07 07:19:41;21-11-07 07:45:00;false;0;;;
2021-11-08 01:01:28;2021-11-08 08:14:01;76%;78%;;0;No alarm;;;2.440812;25952.995000064;21-11-08 08:11:23;21-11-08 08:35:00;false;0;;;
2021-11-08 23:28:48;2021-11-09 07:12:46;85%;82%;;0;No alarm;;;1.0685545;27837.787999744;21-11-09 06:48:42;21-11-09 07:15:00;false;0;;;
2021-11-09 23:16:40;2021-11-10 06:38:44;81%;86%;;0;No alarm;;;1.2262107;26523.612999936;21-11-10 06:34:58;21-11-10 07:00:00;false;0;;;
2021-11-10 23:12:26;2021-11-11 06:28:57;74%;95%;;0;No alarm;;;3.2093709;26190.990999808;21-11-11 06:04:38;21-11-11 06:30:00;false;0;;;
2021-11-11 23:06:12;2021-11-12 06:20:45;78%;96%;;0;No alarm;;;1.7587415;26073.873999872;21-11-12 06:05:07;21-11-12 06:30:00;false;0;;;
2021-11-12 23:55:56;2021-11-13 07:59:07;90%;91%;;0;No alarm;;;0.6721915;28991.492999936;21-11-13 07:33:44;21-11-13 08:00:00;false;0;;;
2021-11-14 04:07:43;2021-11-14 11:33:55;82%;77%;;0;No alarm;;;0.82958907;26772.027999744;21-11-14 11:12:10;21-11-14 11:35:00;false;0;;;
2021-11-15 02:24:01;2021-11-15 10:07:06;85%;71%;;0;No alarm;;;1.0107743;27784.820000256;21-11-15 09:52:23;21-11-15 10:15:00;false;0;;;
2021-11-16 00:08:25;2021-11-16 07:56:20;81%;62%;;0;No alarm;;;17.50158;28074.868000256;21-11-16 07:34:50;21-11-16 08:00:00;false;0;;;
2021-11-16 23:11:25;2021-11-17 07:00:54;87%;73%;;0;No alarm;;;0.60081077;28169.232999936;21-11-17 06:34:08;21-11-17 07:00:00;false;0;;;
2021-11-17 23:05:57;2021-11-18 06:30:44;78%;89%;;0;No alarm;;;19.392317;26687.401000192;21-11-18 06:03:24;21-11-18 06:30:00;true;61;;;
2021-11-18 23:18:46;2021-11-19 06:30:47;79%;96%;;0;No alarm;;;11.696902;25920.818000128;21-11-19 06:04:21;21-11-19 06:30:00;false;0;;;
2021-11-20 02:19:36;2021-11-20 10:10:41;86%;79%;;0;No alarm;;;11.783362;28264.780999936;21-11-20 09:56:47;21-11-20 10:20:00;false;0;;;
2021-11-21 00:19:07;2021-11-21 08:20:02;90%;76%;;0;No alarm;;;7.1099186;28855.965000192;21-11-21 07:57:00;21-11-21 08:20:00;false;0;;;
2021-11-21 22:51:35;2021-11-22 06:29:18;76%;61%;;0;No alarm;;;17.220137;27462.890999808;21-11-22 06:06:23;21-11-22 06:30:00;false;0;;;
2021-11-22 23:36:38;2021-11-23 07:21:57;82%;79%;;0;No alarm;;;12.957044;27919.026000128;21-11-23 07:14:09;21-11-23 07:40:00;false;0;;;
2021-11-23 23:11:30;2021-11-24 06:58:43;76%;89%;;0;No alarm;;;16.680208;28033.529999872;21-11-24 06:36:38;21-11-24 07:00:00;true;71;;;
2021-11-24 22:44:54;2021-11-25 06:29:32;74%;90%;;0;No alarm;;;17.419275;27878.204;21-11-25 06:05:41;21-11-25 06:30:00;false;0;;;
2021-11-25 23:21:05;2021-11-26 06:44:45;67%;92%;;0;No alarm;;;18.711443;26620.277000192;21-11-26 06:18:45;21-11-26 06:45:00;false;0;;;
2021-11-27 02:59:32;2021-11-27 09:46:11;60%;80%;;0;No alarm;;;19.272856;24398.532999936;21-11-27 10:15:48;21-11-27 10:40:00;false;0;;;
2021-11-28 03:05:12;2021-11-28 10:30:13;83%;80%;;0;No alarm;;;12.464919;26701.221000192;21-11-28 10:15:39;21-11-28 10:40:00;false;0;;;
2021-11-28 23:09:48;2021-11-29 06:30:19;55%;57%;;0;No alarm;;;23.773462;26430.509000192;21-11-29 06:06:10;21-11-29 06:30:00;false;0;;;
2021-11-29 23:20:59;2021-11-30 07:12:17;66%;63%;;0;No alarm;;;22.455647;28278.700999936;21-11-30 07:06:19;21-11-30 07:30:00;false;0;;;
2021-11-30 23:17:22;2021-12-01 07:00:30;69%;95%;;0;No alarm;;;21.077671;27788.052000256;21-12-01 06:36:37;21-12-01 07:00:00;false;0;;;
2021-12-01 22:54:25;2021-12-02 06:09:39;85%;93%;;0;No alarm;;;11.478131;26114.348;21-12-02 06:06:02;21-12-02 06:30:00;true;399;;;
2021-12-02 22:56:25;2021-12-03 06:26:41;77%;94%;;0;No alarm;;;16.42078;27015.417999872;21-12-03 06:05:05;21-12-03 06:30:00;false;0;;;
2021-12-04 03:31:34;2021-12-04 09:50:45;72%;79%;;0;No alarm;;;12.575949;22751.692999936;21-12-04 10:49:50;21-12-04 11:15:00;false;0;;;
2021-12-05 00:32:05;2021-12-05 08:28:19;86%;71%;;0;No alarm;;;14.368976;28573.678000128;21-12-05 08:06:50;21-12-05 08:30:00;false;0;;;
2021-12-05 23:47:22;2021-12-06 07:30:57;78%;60%;;0;No alarm;;;16.812162;27815.200999936;21-12-06 07:09:20;21-12-06 07:35:00;false;0;;;
2021-12-06 23:58:33;2021-12-07 06:48:31;55%;89%;;0;No alarm;;;23.410131;24597.841999872;21-12-07 06:25:48;21-12-07 06:50:00;false;0;;;
2021-12-08 01:26:28;2021-12-08 09:19:20;100%;81%;;0;No alarm;;;5.882929;28372.232;21-12-08 08:55:39;21-12-08 09:20:00;false;0;;;
2021-12-08 22:49:52;2021-12-09 06:31:59;77%;71%;;0;No alarm;;;17.288822;27727.143000064;21-12-09 06:47:49;21-12-09 07:10:00;false;0;;;
2021-12-09 23:37:42;2021-12-10 07:05:40;76%;70%;;0;No alarm;;;16.446848;26877.184999936;21-12-10 07:05:27;21-12-10 07:30:00;false;0;;;
2021-12-11 00:37:56;2021-12-11 08:28:48;90%;72%;;0;No alarm;;;11.374797;28252.1;21-12-11 08:04:34;21-12-11 08:30:00;false;0;;;
2021-12-12 03:23:59;2021-12-12 10:22:30;66%;76%;;0;No alarm;;;18.715054;25110.016999936;21-12-12 10:47:45;21-12-12 11:10:00;false;0;;;
2021-12-13 02:34:06;2021-12-13 09:56:06;66%;79%;;0;No alarm;;;21.067938;26520.244999936;21-12-13 09:37:12;21-12-13 10:00:00;false;0;;;
2021-12-14 02:26:37;2021-12-14 10:06:21;83%;82%;;0;No alarm;;;13.830392;27583.752999936;21-12-14 09:56:58;21-12-14 10:20:00;false;0;;;
2021-12-19 00:52:13;2021-12-19 08:54:55;96%;—;;0;No alarm;;;10.036623;28962.109000192;21-12-19 08:31:56;21-12-19 08:55:00;false;0;;;
2021-12-20 00:01:39;2021-12-20 08:00:43;83%;85%;;0;No alarm;;;38.49009;28744.473999872;21-12-20 07:33:37;21-12-20 08:00:00;false;0;;;
2021-12-21 02:00:09;2021-12-21 10:30:14;91%;74%;;0;No alarm;;;38.199127;30605.022000128;21-12-21 09:15:00;21-12-21 09:45:00;false;0;;;
2021-12-22 02:07:56;2021-12-22 09:01:06;64%;78%;;0;No alarm;;;38.953114;24789.670999808;21-12-22 09:25:19;21-12-22 09:50:00;false;0;;;
2021-12-23 01:06:29;2021-12-23 08:54:14;66%;79%;;0;No alarm;;;40.52163;28065.620000256;21-12-23 08:28:11;21-12-23 08:55:00;false;0;;;
2021-12-24 02:00:56;2021-12-24 11:11:58;78%;83%;;0;No alarm;;;40.35;33062.735000064;21-12-24 09:20:00;21-12-24 09:50:00;false;0;;;
2021-12-25 02:28:27;2021-12-25 10:14:57;57%;84%;;0;No alarm;;;104.562546;27989.716999936;21-12-25 10:06:07;21-12-25 10:30:00;true;196;;;
2021-12-26 01:22:46;2021-12-26 10:26:36;84%;83%;;0;No alarm;;;59.682087;32630.174999808;21-12-26 08:50:00;21-12-26 09:20:00;true;1992;;;
2021-12-27 01:12:22;2021-12-27 09:01:04;88%;88%;;0;No alarm;;;24.859526;28121.781000192;21-12-27 08:41:19;21-12-27 09:05:00;false;0;;;
2021-12-27 21:40:04;2021-12-28 08:29:17;96%;76%;;0;No alarm;;;23.384754;38952.756999936;21-12-28 06:05:00;21-12-28 06:35:00;false;0;;;
2021-12-29 02:12:13;2021-12-29 09:54:02;87%;67%;;0;No alarm;;;22.71106;27708.204;21-12-29 09:29:40;21-12-29 09:55:00;false;0;;;
2021-12-30 02:00:46;2021-12-30 09:39:55;82%;70%;;0;No alarm;;;34.714592;27549.428;21-12-30 09:14:31;21-12-30 09:40:00;false;0;;;
2021-12-31 00:58:40;2021-12-31 08:54:37;91%;77%;;0;No alarm;;;20.674004;28557.292;21-12-31 08:29:41;21-12-31 08:55:00;false;0;;;
2022-01-01 01:09:36;2022-01-01 09:09:12;89%;82%;;0;No alarm;;;24.068792;28776.133000192;22-01-01 08:47:48;22-01-01 09:10:00;false;0;;;
2022-01-02 02:32:11;2022-01-02 10:15:02;86%;86%;;0;No alarm;;;23.298954;27770.732999936;22-01-02 09:51:56;22-01-02 10:15:00;false;0;;;
2022-01-03 03:31:18;2022-01-03 11:07:08;83%;86%;;0;No alarm;;;26.700733;27349.929999872;22-01-03 10:30:00;22-01-03 11:00:00;false;0;;;
2022-01-04 01:50:24;2022-01-04 08:55:02;80%;77%;;0;No alarm;;;20.238026;25478.552999936;22-01-04 08:31:44;22-01-04 08:55:00;false;0;;;
2022-01-05 03:02:18;2022-01-05 10:43:23;80%;75%;;0;No alarm;;;33.315346;27665.442999808;22-01-05 10:30:32;22-01-05 10:55:00;false;0;;;
2022-01-06 01:49:27;2022-01-06 09:29:47;84%;74%;;0;No alarm;;;24.493034;27620.272;22-01-06 09:14:34;22-01-06 09:40:00;false;0;;;
2022-01-07 03:18:13;2022-01-08 03:01:32;100%;0%;;0;No alarm;;;10.38198;85398.702000128;22-01-07 10:10:00;22-01-07 10:40:00;false;0;;;
2022-01-08 03:01:56;2022-01-08 10:29:55;79%;0%;;0;No alarm;;;28.251873;26878.88;22-01-08 10:16:44;22-01-08 10:40:00;false;0;;;
2022-01-09 03:13:21;2022-01-09 10:10:37;74%;0%;;0;No alarm;;;28.74468;25035.724;22-01-09 10:13:09;22-01-09 10:40:00;false;0;;;
2022-01-10 02:46:36;2022-01-10 11:10:05;87%;7%;;0;No alarm;;;31.464594;30208.930000128;22-01-10 10:00:00;22-01-10 10:30:00;false;0;;;
2022-01-11 01:54:41;2022-01-11 09:42:55;82%;26%;;0;No alarm;;;30.649347;28094.014000128;22-01-11 09:22:17;22-01-11 09:45:00;false;0;;;
2022-01-12 03:24:34;2022-01-12 11:05:45;78%;81%;;0;No alarm;;;34.777588;27671.509000192;22-01-12 10:50:08;22-01-12 11:15:00;false;0;;;
2022-01-13 01:46:31;2022-01-13 08:56:45;79%;75%;;0;No alarm;;;23.08199;25813.853999872;22-01-13 08:35:55;22-01-13 09:00:00;false;0;;;
2022-01-13 08:57:00;2022-01-13 09:30:07;7%;0%;;0;No alarm;;;1.0;1987.044;22-01-13 09:04:41;22-01-13 09:30:00;false;0;;;
2022-01-14 01:10:43;2022-01-14 08:44:14;82%;79%;;0;No alarm;;;22.918436;27211.478999808;22-01-14 08:22:20;22-01-14 08:45:00;false;0;;;
2022-01-15 00:33:39;2022-01-15 06:14:51;33%;78%;;0;No alarm;;;96.649605;20472.394999808;22-01-15 06:17:15;22-01-15 06:40:00;true;1948;;;
2022-01-16 00:19:54;2022-01-16 08:20:26;61%;82%;;0;No alarm;;;79.446625;28831.854000128;22-01-16 08:06:28;22-01-16 08:30:00;true;2585;;;
2022-01-18 01:11:49;2022-01-18 09:06:43;82%;83%;;0;No alarm;;;33.68958;28493.774000128;22-01-18 08:43:42;22-01-18 09:10:00;false;0;;;
2022-01-19 03:24:48;2022-01-19 09:59:59;75%;80%;;0;No alarm;;;16.417397;23711.066999808;22-01-19 10:07:47;22-01-19 10:30:00;false;0;;;
2022-01-20 03:23:44;2022-01-20 10:18:01;72%;85%;;0;No alarm;;;31.143688;24857.121999872;22-01-20 09:59:35;22-01-20 10:25:00;false;0;;;
2022-01-21 02:48:57;2022-01-21 10:29:56;90%;88%;;0;No alarm;;;8.302602;27659.027000064;22-01-21 10:04:43;22-01-21 10:30:00;false;0;;;
2022-01-22 00:55:14;2022-01-22 08:15:15;78%;85%;;0;No alarm;;;27.056435;26401.063000064;22-01-22 07:56:12;22-01-22 08:20:00;false;0;;;
2022-01-23 01:14:00;2022-01-23 08:30:13;74%;84%;;0;No alarm;;;36.44567;26173.044999936;22-01-23 08:24:46;22-01-23 08:50:00;false;0;;;
2022-01-23 22:38:44;2022-01-24 05:44:51;72%;75%;;0;No alarm;;;37.015064;25566.588;22-01-24 05:28:42;22-01-24 05:55:00;false;0;;;
2022-01-24 22:18:36;2022-01-24 22:40:33;4%;46%;;0;No alarm;;;1.0;1316.979000064;22-01-25 05:28:04;22-01-25 05:55:00;false;0;;;
2022-01-24 22:45:34;2022-01-25 06:51:23;79%;72%;;0;No alarm;;;42.64719;29149.527000064;22-01-25 06:28:52;22-01-25 06:55:00;false;0;;;
2022-01-25 23:31:24;2022-01-26 07:11:44;82%;90%;;0;No alarm;;;26.561132;27619.72;22-01-26 06:55:39;22-01-26 07:20:00;false;0;;;
2022-01-26 22:31:00;2022-01-27 05:53:05;81%;87%;;0;No alarm;;;21.356302;26524.353999872;22-01-27 05:36:15;22-01-27 06:00:00;false;0;;;
2022-01-27 23:37:41;2022-01-28 07:12:47;81%;83%;;0;No alarm;;;32.01312;27306.253000192;22-01-28 06:52:56;22-01-28 07:15:00;false;0;;;
2022-01-29 01:07:50;2022-01-29 08:58:49;81%;80%;;0;No alarm;;;39.394234;28259.419000064;22-01-29 08:36:24;22-01-29 09:00:00;false;0;;;
2022-01-30 03:19:14;2022-01-30 11:09:00;80%;74%;;0;No alarm;;;37.623653;28186.160999936;22-01-30 10:47:40;22-01-30 11:10:00;false;0;;;
2022-01-30 23:33:39;2022-01-31 05:51:04;73%;53%;;0;No alarm;;;34.09075;22645.136;22-01-31 05:32:43;22-01-31 05:55:00;false;0;;;
2022-01-31 23:12:30;2022-02-01 07:05:12;75%;55%;;0;No alarm;;;40.213238;28362.511000064;22-02-01 06:39:22;22-02-01 07:05:00;false;0;;;
2022-02-01 23:29:48;2022-02-02 07:15:14;57%;91%;;0;No alarm;;;55.400555;27925.658000128;22-02-02 06:49:14;22-02-02 07:15:00;false;0;;;
2022-02-02 22:37:13;2022-02-03 05:55:07;78%;88%;;0;No alarm;;;36.114986;26273.676999936;22-02-03 05:31:44;22-02-03 05:55:00;false;0;;;
2022-02-03 23:22:56;2022-02-04 07:06:45;72%;87%;;0;No alarm;;;46.80794;27829.276;22-02-04 06:48:58;22-02-04 07:15:00;false;0;;;
2022-02-04 23:48:59;2022-02-05 07:43:04;85%;85%;;0;No alarm;;;36.83342;28444.713000192;22-02-05 07:25:25;22-02-05 07:50:00;false;0;;;
2022-02-06 01:06:09;2022-02-06 08:29:16;74%;84%;;0;No alarm;;;41.709465;26587.772;22-02-06 08:07:26;22-02-06 08:30:00;false;0;;;
2022-02-06 22:32:22;2022-02-07 05:55:34;60%;77%;;0;No alarm;;;51.292713;26592.140999936;22-02-07 05:32:32;22-02-07 05:55:00;false;0;;;
2022-02-07 22:27:59;2022-02-08 05:50:11;50%;79%;;0;No alarm;;;60.997467;26532.225999872;22-02-08 05:25:39;22-02-08 05:50:00;false;0;;;
2022-02-08 23:36:40;2022-02-09 07:35:36;75%;87%;;0;No alarm;;;48.889324;28736.332;22-02-09 07:11:09;22-02-09 07:35:00;false;0;;;
2022-02-09 22:44:03;2022-02-10 05:55:12;64%;84%;;0;No alarm;;;52.58444;25868.886000128;22-02-10 05:28:44;22-02-10 05:55:00;false;0;;;
2022-02-10 23:31:35;2022-02-11 07:07:24;67%;79%;;0;No alarm;;;54.124733;27349.672999936;22-02-11 06:46:58;22-02-11 07:10:00;false;0;;;
2022-02-12 03:02:14;2022-02-12 09:30:17;77%;72%;;0;No alarm;;;32.726574;23283.035000064;22-02-12 09:06:39;22-02-12 09:30:00;false;0;;;
2022-02-13 00:18:48;2022-02-13 08:14:52;90%;69%;;0;No alarm;;;36.268837;28564.272999936;22-02-13 07:48:37;22-02-13 08:15:00;false;0;;;
2022-02-13 23:19:06;2022-02-14 06:00:00;68%;63%;;0;No alarm;;;43.982937;24054.309999872;22-02-14 05:33:21;22-02-14 06:00:00;false;0;;;
2022-02-14 23:17:02;2022-02-15 05:46:26;64%;85%;;0;No alarm;;;46.008457;23363.885999872;22-02-15 05:29:14;22-02-15 05:55:00;false;0;;;
2022-02-15 23:22:07;2022-02-16 07:13:16;72%;92%;;0;No alarm;;;51.03868;28268.411000064;22-02-16 06:48:22;22-02-16 07:15:00;false;0;;;
2022-02-16 22:33:24;2022-02-17 05:55:13;75%;89%;;0;No alarm;;;44.197987;26509.177999872;22-02-17 05:29:46;22-02-17 05:55:00;false;0;;;
2022-02-17 23:32:34;2022-02-18 07:15:15;72%;83%;;0;No alarm;;;49.786182;27760.846000128;22-02-18 06:48:20;22-02-18 07:15:00;false;0;;;
2022-02-18 23:44:59;2022-02-19 07:32:17;80%;86%;;0;No alarm;;;43.978485;28037.616999936;22-02-19 07:09:12;22-02-19 07:35:00;false;0;;;
2022-02-20 01:33:12;2022-02-20 09:22:36;100%;82%;;0;No alarm;;;20.74118;28164.703000064;22-02-20 09:00:45;22-02-20 09:25:00;false;0;;;
2022-02-20 23:53:56;2022-02-21 06:00:23;67%;74%;;0;No alarm;;;37.72607;21987.392999936;22-02-21 05:36:42;22-02-21 06:00:00;false;0;;;
2022-02-21 22:39:50;2022-02-22 05:55:48;75%;72%;;0;No alarm;;;42.87906;26157.508;22-02-22 05:32:27;22-02-22 05:55:00;false;0;;;
2022-02-23 00:47:38;2022-02-23 08:33:49;87%;69%;;0;No alarm;;;36.582188;27971.016;22-02-23 08:12:53;22-02-23 08:35:00;false;0;;;
2022-02-23 22:51:00;2022-02-24 06:00:14;74%;70%;;0;No alarm;;;41.956657;25754.319000064;22-02-24 05:36:40;22-02-24 06:00:00;false;0;;;
2022-02-24 23:21:57;2022-02-25 06:55:14;79%;70%;;0;No alarm;;;41.038185;27197.195999744;22-02-25 06:39:53;22-02-25 07:05:00;false;0;;;
2022-02-26 00:53:20;2022-02-26 01:11:55;4%;62%;;0;No alarm;;;1.0;1114.693000192;22-02-26 08:15:12;22-02-26 08:40:00;false;0;;;
2022-02-26 01:12:30;2022-02-26 08:39:40;78%;70%;;0;No alarm;;;40.122562;26830.624;22-02-26 08:15:07;22-02-26 08:40:00;false;0;;;
2022-02-27 00:08:45;2022-02-27 07:25:57;78%;79%;;0;No alarm;;;37.066277;26231.931000064;22-02-27 07:22:13;22-02-27 07:45:00;false;0;;;
2022-02-28 00:05:10;2022-02-28 06:35:27;60%;82%;;0;No alarm;;;50.987553;23417.525999872;22-02-28 06:10:09;22-02-28 06:35:00;false;0;;;
2022-02-28 22:32:26;2022-03-01 06:00:59;77%;87%;;0;No alarm;;;40.9109;26912.446000128;22-03-01 05:34:54;22-03-01 06:00:00;false;0;;;
2022-03-02 00:00:36;2022-03-02 07:35:21;66%;83%;;0;No alarm;;;55.05274;27285.092;22-03-02 07:33:05;22-03-02 08:00:00;false;0;;;
2022-03-02 23:07:04;2022-03-03 06:24:35;65%;78%;;0;No alarm;;;53.84228;26251.089999872;22-03-03 05:59:12;22-03-03 06:25:00;false;0;;;
2022-03-04 00:14:39;2022-03-04 07:05:07;68%;80%;;0;No alarm;;;45.475834;24628.428;22-03-04 07:05:01;22-03-04 07:30:00;false;0;;;
2022-03-05 01:24:03;2022-03-05 09:12:02;89%;78%;;0;No alarm;;;32.538395;28079.303000064;22-03-05 08:54:34;22-03-05 09:20:00;false;0;;;
2022-03-06 01:07:39;2022-03-06 08:49:59;74%;84%;;0;No alarm;;;47.361694;27740.095000064;22-03-06 08:23:28;22-03-06 08:50:00;false;0;;;
2022-03-06 23:46:37;2022-03-07 05:33:40;55%;78%;;0;No alarm;;;48.40263;20823.141999872;22-03-07 05:34:05;22-03-07 06:00:00;false;0;;;
2022-03-07 22:58:51;2022-03-08 05:59:43;59%;75%;;0;No alarm;;;58.423454;25252.609999872;22-03-08 05:36:31;22-03-08 06:00:00;false;0;;;
2022-03-09 00:20:45;2022-03-09 08:20:57;77%;73%;;0;No alarm;;;47.95243;28811.856;22-03-09 07:55:29;22-03-09 08:20:00;false;0;;;
2022-03-09 23:10:52;2022-03-10 05:36:08;62%;75%;;0;No alarm;;;48.294357;23115.716;22-03-10 05:34:48;22-03-10 06:00:00;false;0;;;
2022-03-10 23:44:51;2022-03-11 07:19:47;88%;72%;;0;No alarm;;;31.050165;27295.808999936;22-03-11 06:57:44;22-03-11 07:20:00;false;0;;;
2022-03-12 02:11:30;2022-03-12 09:29:45;75%;69%;;0;No alarm;;;0.0;26294.814;22-03-12 09:05:02;22-03-12 09:30:00;false;0;;;
2022-03-13 00:13:41;2022-03-13 06:23:52;66%;66%;;0;No alarm;;;44.1227;22210.394;22-03-13 06:01:18;22-03-13 06:25:00;false;0;;;
2022-03-13 23:19:42;2022-03-14 06:20:34;71%;70%;;0;No alarm;;;43.519424;25252.253;22-03-14 05:57:56;22-03-14 06:20:00;false;0;;;
2022-03-14 23:56:31;2022-03-15 06:00:17;66%;92%;;0;No alarm;;;50.258533;21826.586;22-03-15 05:34:28;22-03-15 06:00:00;false;0;;;
2022-03-15 23:43:28;2022-03-16 07:35:50;78%;88%;;0;No alarm;;;0.0;28341.636;22-03-16 07:14:50;22-03-16 07:40:00;false;0;;;
2022-03-16 23:20:31;2022-03-17 06:00:18;67%;86%;;0;No alarm;;;56.461014;23987.679;22-03-17 05:33:33;22-03-17 06:00:00;false;0;;;
2022-03-18 00:11:51;2022-03-18 07:13:59;70%;85%;;0;No alarm;;;55.008682;25328.213;22-03-18 06:51:58;22-03-18 07:15:00;false;0;;;
2022-03-19 01:47:44;2022-03-19 09:24:20;76%;79%;;7896;No alarm;;;62.81197;27395.804;22-03-19 08:58:09;22-03-19 09:25:00;false;0;;;
2022-03-20 01:39:31;2022-03-20 09:19:46;75%;83%;;212;No alarm;;;52.942722;27614.571;22-03-20 08:57:17;22-03-20 09:20:00;false;0;;;
2022-03-21 02:15:43;2022-03-21 10:03:04;76%;84%;;1707;No alarm;;;73.31664;28040.934;22-03-21 09:44:24;22-03-21 10:10:00;false;0;;;
2022-03-22 02:15:58;2022-03-22 09:39:22;74%;94%;;2501;No alarm;;;56.009377;26604.078;22-03-22 09:15:39;22-03-22 09:40:00;false;0;;;
2022-03-23 02:18:45;2022-03-23 09:20:05;70%;94%;;2714;No alarm;;;51.279724;25280.216;22-03-23 09:07:17;22-03-23 09:30:00;false;0;;;
2022-03-24 00:37:52;2022-03-24 08:28:48;77%;90%;;4788;No alarm;;;63.3538;28255.258;22-03-24 08:05:05;22-03-24 08:30:00;false;0;;;
2022-03-25 01:26:59;2022-03-25 09:10:24;76%;87%;;1298;No alarm;;;50.908325;27804.697;22-03-25 08:46:51;22-03-25 09:10:00;false;0;;;
2022-03-26 01:03:08;2022-03-26 08:50:25;76%;86%;;5045;No alarm;;;60.866978;28036.315;22-03-26 08:24:48;22-03-26 08:50:00;false;0;;;
2022-03-27 00:40:41;2022-03-27 07:34:26;68%;89%;;1913;No alarm;;;50.37789;24824.974;22-03-27 07:44:49;22-03-27 08:10:00;false;0;;;
2022-03-28 00:08:33;2022-03-28 05:59:59;63%;87%;;413;No alarm;;;43.727325;21086.105;22-03-28 05:34:22;22-03-28 06:00:00;false;0;;;
2022-03-28 22:47:13;2022-03-29 06:00:40;72%;85%;;7870;No alarm;;;56.281677;26006.814;22-03-29 05:34:53;22-03-29 06:00:00;false;0;;;
2022-03-30 00:34:57;2022-03-30 08:18:43;79%;78%;;6122;No alarm;;;0.0;27825.525;22-03-30 08:03:44;22-03-30 08:30:00;false;0;;;
2022-03-30 22:45:08;2022-03-31 05:59:52;73%;65%;;6730;No alarm;;;52.996105;26083.979;22-03-31 05:37:49;22-03-31 06:00:00;false;0;;;
2022-03-31 23:36:53;2022-04-01 07:21:17;77%;70%;;8559;No alarm;;;56.406273;27863.717;22-04-01 06:53:37;22-04-01 07:20:00;false;0;;;
2022-04-02 03:04:38;2022-04-02 09:30:17;67%;66%;;11464;No alarm;;;71.35108;23139.572;22-04-02 09:03:01;22-04-02 09:30:00;false;0;;;
2022-04-03 23:28:10;2022-04-04 06:00:31;66%;47%;;2596;No alarm;;;80.328224;23541.343;22-04-04 05:36:06;22-04-04 06:00:00;false;0;;;
2022-04-05 00:18:19;2022-04-05 06:07:58;63%;62%;;5025;No alarm;;;60.413555;20979.444;22-04-05 05:46:19;22-04-05 06:10:00;false;0;;;
2022-04-05 23:14:30;2022-04-06 07:15:56;79%;86%;;6852;No alarm;;;63.31572;28885.297;22-04-06 06:51:43;22-04-06 07:15:00;false;0;;;
2022-04-06 23:13:00;2022-04-07 06:01:00;68%;87%;;6727;No alarm;;;55.32647;24480.06;22-04-07 05:34:42;22-04-07 06:00:00;false;0;;;
2022-04-08 00:39:39;2022-04-08 07:23:30;67%;84%;;1289;No alarm;;;64.25687;24231.186;22-04-08 06:58:49;22-04-08 07:25:00;false;0;;;
2022-04-09 02:16:50;2022-04-09 09:25:15;72%;78%;;11900;No alarm;;;59.045265;25704.348;22-04-09 09:03:35;22-04-09 09:30:00;false;0;;;
2022-04-10 03:15:30;2022-04-10 10:41:55;76%;79%;;9378;No alarm;;;53.10607;26785.215;22-04-10 10:31:07;22-04-10 10:55:00;false;0;;;
2022-04-11 01:49:39;2022-04-11 09:44:38;79%;76%;;66;No alarm;;;114.47802;28498.71;22-04-11 09:18:58;22-04-11 09:45:00;false;0;;;
2022-04-12 01:07:54;2022-04-12 07:39:05;66%;79%;;0;No alarm;;;54.89667;23471.187;22-04-12 07:18:28;22-04-12 07:45:00;false;0;;;
2022-04-13 00:49:56;2022-04-13 08:28:12;77%;82%;;0;No alarm;;;46.402668;27495.407;22-04-13 08:30:02;22-04-13 08:55:00;false;0;;;
2022-04-14 00:50:12;2022-04-14 08:44:58;78%;88%;;4227;No alarm;;;16.719894;28485.875;22-04-14 08:19:31;22-04-14 08:45:00;false;0;;;
2022-04-15 05:48:53;2022-04-15 09:27:31;71%;80%;;5659;No alarm;;;97.493515;13117.926;22-04-15 09:28:29;22-04-15 09:55:00;false;0;;;
2022-04-17 02:23:13;2022-04-17 09:56:51;76%;59%;;0;No alarm;;;53.21663;27217.454;22-04-17 09:56:08;22-04-17 10:20:00;false;0;;;
2022-04-18 01:18:57;2022-04-18 08:08:07;68%;71%;;0;No alarm;;;44.85178;24550.246;22-04-18 08:06:49;22-04-18 08:30:00;false;0;;;
2022-04-18 23:00:40;2022-04-19 06:00:27;70%;69%;;7578;No alarm;;;61.269066;25187.007;22-04-19 05:34:57;22-04-19 06:00:00;false;0;;;
2022-04-20 00:07:57;2022-04-20 08:04:47;78%;70%;;1175;No alarm;;;58.942318;28610.153;22-04-20 07:40:42;22-04-20 08:05:00;false;0;;;
2022-04-20 23:02:43;2022-04-21 06:01:04;69%;73%;;7612;No alarm;;;60.828484;25101.12;22-04-21 05:36:45;22-04-21 06:00:00;false;0;;;
2022-04-22 00:17:14;2022-04-22 07:24:00;71%;75%;;7070;No alarm;;;50.95459;25606.435;22-04-22 07:04:52;22-04-22 07:30:00;false;0;;;
2022-04-23 01:13:23;2022-04-23 07:03:43;63%;78%;;1263;No alarm;;;64.537636;21020.579;22-04-23 06:40:04;22-04-23 07:05:00;false;0;;;
2022-04-23 07:03:58;2022-04-23 07:19:51;72%;0%;;0;No alarm;;;1.0;953.341;22-04-23 07:05:07;22-04-23 07:30:00;false;0;;;
2022-04-24 01:17:31;2022-04-24 08:39:41;74%;84%;;0;No alarm;;;55.185017;26529.921;22-04-24 08:31:45;22-04-24 08:55:00;false;0;;;
2022-04-25 00:11:04;2022-04-25 06:10:17;63%;80%;;0;No alarm;;;48.3998;21552.089;22-04-25 05:43:27;22-04-25 06:10:00;false;0;;;
2022-04-25 23:11:30;2022-04-26 06:00:55;70%;80%;;9024;No alarm;;;0.0;24564.63;22-04-26 05:37:26;22-04-26 06:00:00;false;0;;;
2022-04-27 00:07:20;2022-04-27 08:07:51;78%;78%;;7476;No alarm;;;52.70453;28831.277;22-04-27 07:43:22;22-04-27 08:10:00;false;0;;;
2022-04-27 23:13:24;2022-04-28 06:04:53;69%;75%;;7213;No alarm;;;59.86226;24688.539;22-04-28 05:39:44;22-04-28 06:05:00;false;0;;;
2022-04-28 23:44:50;2022-04-29 00:14:53;72%;65%;;2855;No alarm;;;1.0;1803.001;22-04-29 06:56:15;22-04-29 07:20:00;false;0;;;
2022-04-29 00:15:16;2022-04-29 07:06:56;69%;65%;;2855;No alarm;;;54.381596;24699.885;22-04-29 06:54:48;22-04-29 07:20:00;false;0;;;
2022-04-30 00:44:34;2022-04-30 08:44:48;78%;54%;;7070;No alarm;;;59.419285;28813.979;22-04-30 08:19:23;22-04-30 08:45:00;false;0;;;
2022-05-01 00:19:34;2022-05-01 08:10:08;77%;53%;;10625;No alarm;;;53.191463;28234.626;22-05-01 07:44:54;22-05-01 08:10:00;false;0;;;
2022-05-02 00:07:09;2022-05-02 06:38:44;68%;61%;;2302;No alarm;;;44.304806;23494.843;22-05-02 06:13:33;22-05-02 06:40:00;false;0;;;
2022-05-02 23:06:04;2022-05-03 06:00:49;69%;85%;;5743;No alarm;;;51.69442;24885.183;22-05-03 05:36:40;22-05-03 06:00:00;false;0;;;
2022-05-04 00:56:29;2022-05-04 08:45:00;77%;77%;;8286;No alarm;;;60.128517;28111.38;22-05-04 08:18:40;22-05-04 08:45:00;false;0;;;
2022-05-04 22:58:29;2022-05-05 06:01:06;70%;61%;;7049;No alarm;;;63.13775;25357.413;22-05-05 05:35:49;22-05-05 06:00:00;false;0;;;
2022-05-05 23:49:27;2022-05-06 07:05:15;72%;68%;;8421;No alarm;;;47.554955;26147.952;22-05-06 07:00:00;22-05-06 07:25:00;false;0;;;
2022-05-07 01:49:09;2022-05-07 09:27:37;76%;67%;;3434;No alarm;;;58.03014;27507.79;22-05-07 09:06:13;22-05-07 09:30:00;false;0;;;
2022-05-08 03:17:37;2022-05-08 09:00:29;63%;77%;;9255;No alarm;;;99.23082;20572.523;22-05-08 09:07:36;22-05-08 09:30:00;false;0;;;
2022-05-08 23:25:29;2022-05-09 06:00:03;68%;63%;;34;No alarm;;;57.367672;23673.74;22-05-09 05:36:41;22-05-09 06:00:00;false;0;;;
2022-05-10 00:14:09;2022-05-10 06:14:34;64%;70%;;0;No alarm;;;48.659584;21624.987;22-05-10 05:52:11;22-05-10 06:15:00;false;0;;;